--
-- PostgreSQL database dump
--

DROP TABLE IF EXISTS Taxi_Order_Item;
DROP TABLE IF EXISTS Taxi_Order;
DROP TABLE IF EXISTS Address;
DROP TABLE IF EXISTS Service_User;
DROP TABLE IF EXISTS Car;
DROP TABLE IF EXISTS Taxi_Price;
DROP TABLE IF EXISTS Config;

SET statement_timeout = 0;
SET lock_timeout = 0;
SET client_encoding = 'UTF8';
SET standard_conforming_strings = on;
SET check_function_bodies = false;
SET client_min_messages = warning;

--
-- Name: plpgsql; Type: EXTENSION; Schema: -; Owner: 
--

CREATE EXTENSION IF NOT EXISTS plpgsql WITH SCHEMA pg_catalog;


--
-- Name: EXTENSION plpgsql; Type: COMMENT; Schema: -; Owner: 
--

COMMENT ON EXTENSION plpgsql IS 'PL/pgSQL procedural language';


SET search_path = public, pg_catalog;

SET default_tablespace = '';

SET default_with_oids = false;

--
-- Name: address; Type: TABLE; Schema: public; Owner: byte; Tablespace: 
--

CREATE TABLE address (
    name character varying(120) NOT NULL,
    user_id integer NOT NULL,
    location bytea
);


ALTER TABLE public.address OWNER TO byte;

--
-- Name: car; Type: TABLE; Schema: public; Owner: byte; Tablespace: 
--

CREATE TABLE car (
    car_number character varying(55) NOT NULL,
    car_model character varying(55) NOT NULL,
    color character varying(28),
    car_category character varying(28),
    animal_transportation_applicable boolean,
    free_wifi boolean,
    air_conditioner boolean,
    accepts_visa boolean NOT NULL
);


ALTER TABLE public.car OWNER TO byte;

--
-- Name: config; Type: TABLE; Schema: public; Owner: byte; Tablespace: 
--

CREATE TABLE config (
    name character varying(55) NOT NULL,
    value character varying(120) NOT NULL
);


ALTER TABLE public.config OWNER TO byte;

--
-- Name: service_user; Type: TABLE; Schema: public; Owner: byte; Tablespace: 
--

CREATE TABLE service_user (
    user_id integer NOT NULL,
    email character varying(254) NOT NULL,
    password character varying(150) NOT NULL,
    phone character varying(28),
    sex character(1),
    driver boolean DEFAULT false NOT NULL,
    admin boolean DEFAULT false NOT NULL,
    group_name character varying(250),
    car_number character varying(55),
    driver_license character varying(55),
    ignored_times integer DEFAULT 0 NOT NULL,
    activated boolean DEFAULT false NOT NULL,
    registration_date timestamp without time zone DEFAULT now() NOT NULL
);


ALTER TABLE public.service_user OWNER TO byte;

--
-- Name: service_user_user_id_seq; Type: SEQUENCE; Schema: public; Owner: byte
--

CREATE SEQUENCE service_user_user_id_seq
    START WITH 1
    INCREMENT BY 1
    NO MINVALUE
    NO MAXVALUE
    CACHE 1;


ALTER TABLE public.service_user_user_id_seq OWNER TO byte;

--
-- Name: service_user_user_id_seq; Type: SEQUENCE OWNED BY; Schema: public; Owner: byte
--

ALTER SEQUENCE service_user_user_id_seq OWNED BY service_user.user_id;


--
-- Name: taxi_order; Type: TABLE; Schema: public; Owner: byte; Tablespace: 
--

CREATE TABLE taxi_order (
    tracking_number bigint NOT NULL,
    status character varying(28) NOT NULL,
    service character varying(28),
    price numeric(10,2),
    user_id integer,
    description character varying(250),
    car_category character varying(28),
    way_of_payment character varying(28),
    driver_sex character(1),
    ordered_date timestamp without time zone,
    arrive_date timestamp without time zone,
    end_date timestamp without time zone,
    music_style character varying(50),
    animal_transportation boolean,
    free_wifi boolean,
    non_smoking_driver boolean,
    air_conditioner boolean,
    comment character varying(400)
);


ALTER TABLE public.taxi_order OWNER TO byte;

--
-- Name: taxi_order_item; Type: TABLE; Schema: public; Owner: byte; Tablespace: 
--

CREATE TABLE taxi_order_item (
    taxi_item_id integer NOT NULL,
    tracking_numer integer,
    path bytea NOT NULL,
    ordered_quantity numeric(15,1),
    driver_id integer
);


ALTER TABLE public.taxi_order_item OWNER TO byte;

--
-- Name: taxi_order_item_taxi_item_id_seq; Type: SEQUENCE; Schema: public; Owner: byte
--

CREATE SEQUENCE taxi_order_item_taxi_item_id_seq
    START WITH 1
    INCREMENT BY 1
    NO MINVALUE
    NO MAXVALUE
    CACHE 1;


ALTER TABLE public.taxi_order_item_taxi_item_id_seq OWNER TO byte;

--
-- Name: taxi_order_item_taxi_item_id_seq; Type: SEQUENCE OWNED BY; Schema: public; Owner: byte
--

ALTER SEQUENCE taxi_order_item_taxi_item_id_seq OWNED BY taxi_order_item.taxi_item_id;


--
-- Name: taxi_order_tracking_number_seq; Type: SEQUENCE; Schema: public; Owner: byte
--

CREATE SEQUENCE taxi_order_tracking_number_seq
    START WITH 1
    INCREMENT BY 1
    NO MINVALUE
    NO MAXVALUE
    CACHE 1;


ALTER TABLE public.taxi_order_tracking_number_seq OWNER TO byte;

--
-- Name: taxi_order_tracking_number_seq; Type: SEQUENCE OWNED BY; Schema: public; Owner: byte
--

ALTER SEQUENCE taxi_order_tracking_number_seq OWNED BY taxi_order.tracking_number;


--
-- Name: taxi_price; Type: TABLE; Schema: public; Owner: byte; Tablespace: 
--

CREATE TABLE taxi_price (
    price_per_km numeric(10,2) NOT NULL,
    price_per_min numeric(10,2) NOT NULL,
    car_category character varying(28) NOT NULL,
    weekend boolean NOT NULL,
    night_tariff boolean NOT NULL
);


ALTER TABLE public.taxi_price OWNER TO byte;

--
-- Name: user_id; Type: DEFAULT; Schema: public; Owner: byte
--

ALTER TABLE ONLY service_user ALTER COLUMN user_id SET DEFAULT nextval('service_user_user_id_seq'::regclass);


--
-- Name: tracking_number; Type: DEFAULT; Schema: public; Owner: byte
--

ALTER TABLE ONLY taxi_order ALTER COLUMN tracking_number SET DEFAULT nextval('taxi_order_tracking_number_seq'::regclass);


--
-- Name: taxi_item_id; Type: DEFAULT; Schema: public; Owner: byte
--

ALTER TABLE ONLY taxi_order_item ALTER COLUMN taxi_item_id SET DEFAULT nextval('taxi_order_item_taxi_item_id_seq'::regclass);


--
-- Data for Name: address; Type: TABLE DATA; Schema: public; Owner: byte
--

COPY address (name, user_id, location) FROM stdin;
Home	4269	\\xaced0005737200206f72672e706f737467726573716c2e67656f6d65747269632e5047706f696e740344df957cda498f02000244000178440001797872001c6f72672e706f737467726573716c2e7574696c2e50476f626a656374f903de2682bdcb3b0200024c0004747970657400124c6a6176612f6c616e672f537472696e673b4c000576616c756571007e00027870740005706f696e7470403e7fa2baaa8b59404933a89b951c5c
University	4272	\\xaced0005737200206f72672e706f737467726573716c2e67656f6d65747269632e5047706f696e740344df957cda498f02000244000178440001797872001c6f72672e706f737467726573716c2e7574696c2e50476f626a656374f903de2682bdcb3b0200024c0004747970657400124c6a6176612f6c616e672f537472696e673b4c000576616c756571007e00027870740005706f696e7470403e7ac1b2bd570e404937b317efe0ce
University	4275	\\xaced0005737200206f72672e706f737467726573716c2e67656f6d65747269632e5047706f696e740344df957cda498f02000244000178440001797872001c6f72672e706f737467726573716c2e7574696c2e50476f626a656374f903de2682bdcb3b0200024c0004747970657400124c6a6176612f6c616e672f537472696e673b4c000576616c756571007e00027870740005706f696e7470403e7eed5a0b0e51404936f99806f263
Mistress	4277	\\xaced0005737200206f72672e706f737467726573716c2e67656f6d65747269632e5047706f696e740344df957cda498f02000244000178440001797872001c6f72672e706f737467726573716c2e7574696c2e50476f626a656374f903de2682bdcb3b0200024c0004747970657400124c6a6176612f6c616e672f537472696e673b4c000576616c756571007e00027870740005706f696e7470403eadde5a93ca4a40493a58793dd97f
Bower	4278	\\xaced0005737200206f72672e706f737467726573716c2e67656f6d65747269632e5047706f696e740344df957cda498f02000244000178440001797872001c6f72672e706f737467726573716c2e7574696c2e50476f626a656374f903de2682bdcb3b0200024c0004747970657400124c6a6176612f6c616e672f537472696e673b4c000576616c756571007e00027870740005706f696e7470403e7db8546fc3dd404939dd7ecbb7fa
Mistress	4280	\\xaced0005737200206f72672e706f737467726573716c2e67656f6d65747269632e5047706f696e740344df957cda498f02000244000178440001797872001c6f72672e706f737467726573716c2e7574696c2e50476f626a656374f903de2682bdcb3b0200024c0004747970657400124c6a6176612f6c616e672f537472696e673b4c000576616c756571007e00027870740005706f696e7470403e6a939eadd59140493bb3bfb58d15
Home	4281	\\xaced0005737200206f72672e706f737467726573716c2e67656f6d65747269632e5047706f696e740344df957cda498f02000244000178440001797872001c6f72672e706f737467726573716c2e7574696c2e50476f626a656374f903de2682bdcb3b0200024c0004747970657400124c6a6176612f6c616e672f537472696e673b4c000576616c756571007e00027870740005706f696e7470403e88de5ec58835404935815a07b353
Home	4282	\\xaced0005737200206f72672e706f737467726573716c2e67656f6d65747269632e5047706f696e740344df957cda498f02000244000178440001797872001c6f72672e706f737467726573716c2e7574696c2e50476f626a656374f903de2682bdcb3b0200024c0004747970657400124c6a6176612f6c616e672f537472696e673b4c000576616c756571007e00027870740005706f696e7470403e68b4578b015040493b3d67699ba6
Work	4283	\\xaced0005737200206f72672e706f737467726573716c2e67656f6d65747269632e5047706f696e740344df957cda498f02000244000178440001797872001c6f72672e706f737467726573716c2e7574696c2e50476f626a656374f903de2682bdcb3b0200024c0004747970657400124c6a6176612f6c616e672f537472696e673b4c000576616c756571007e00027870740005706f696e7470403eacb71b8a9fff40493447fdc5931d
Mistress	4284	\\xaced0005737200206f72672e706f737467726573716c2e67656f6d65747269632e5047706f696e740344df957cda498f02000244000178440001797872001c6f72672e706f737467726573716c2e7574696c2e50476f626a656374f903de2682bdcb3b0200024c0004747970657400124c6a6176612f6c616e672f537472696e673b4c000576616c756571007e00027870740005706f696e7470403e5986db50f40e40493bdbdb5d8948
University	4285	\\xaced0005737200206f72672e706f737467726573716c2e67656f6d65747269632e5047706f696e740344df957cda498f02000244000178440001797872001c6f72672e706f737467726573716c2e7574696c2e50476f626a656374f903de2682bdcb3b0200024c0004747970657400124c6a6176612f6c616e672f537472696e673b4c000576616c756571007e00027870740005706f696e7470403e7c8dc11e42e140493c0e6299524c
Home	4286	\\xaced0005737200206f72672e706f737467726573716c2e67656f6d65747269632e5047706f696e740344df957cda498f02000244000178440001797872001c6f72672e706f737467726573716c2e7574696c2e50476f626a656374f903de2682bdcb3b0200024c0004747970657400124c6a6176612f6c616e672f537472696e673b4c000576616c756571007e00027870740005706f696e7470403e85fd8adab9f54049399ce075f6fd
Mistress	4286	\\xaced0005737200206f72672e706f737467726573716c2e67656f6d65747269632e5047706f696e740344df957cda498f02000244000178440001797872001c6f72672e706f737467726573716c2e7574696c2e50476f626a656374f903de2682bdcb3b0200024c0004747970657400124c6a6176612f6c616e672f537472696e673b4c000576616c756571007e00027870740005706f696e7470403e5544658a9e5440493b183de4671d
Home	4287	\\xaced0005737200206f72672e706f737467726573716c2e67656f6d65747269632e5047706f696e740344df957cda498f02000244000178440001797872001c6f72672e706f737467726573716c2e7574696c2e50476f626a656374f903de2682bdcb3b0200024c0004747970657400124c6a6176612f6c616e672f537472696e673b4c000576616c756571007e00027870740005706f696e7470403e7203fa6083ce40493668fd199bb2
Home	4290	\\xaced0005737200206f72672e706f737467726573716c2e67656f6d65747269632e5047706f696e740344df957cda498f02000244000178440001797872001c6f72672e706f737467726573716c2e7574696c2e50476f626a656374f903de2682bdcb3b0200024c0004747970657400124c6a6176612f6c616e672f537472696e673b4c000576616c756571007e00027870740005706f696e7470403e71bca2b31dcf404938b50b0f27bb
Work	4290	\\xaced0005737200206f72672e706f737467726573716c2e67656f6d65747269632e5047706f696e740344df957cda498f02000244000178440001797872001c6f72672e706f737467726573716c2e7574696c2e50476f626a656374f903de2682bdcb3b0200024c0004747970657400124c6a6176612f6c616e672f537472696e673b4c000576616c756571007e00027870740005706f696e7470403eab3b8af0896a40493977d87eb1b5
Work	4291	\\xaced0005737200206f72672e706f737467726573716c2e67656f6d65747269632e5047706f696e740344df957cda498f02000244000178440001797872001c6f72672e706f737467726573716c2e7574696c2e50476f626a656374f903de2682bdcb3b0200024c0004747970657400124c6a6176612f6c616e672f537472696e673b4c000576616c756571007e00027870740005706f696e7470403e82645ffbe91a404933d3fe1975f1
Bower	4291	\\xaced0005737200206f72672e706f737467726573716c2e67656f6d65747269632e5047706f696e740344df957cda498f02000244000178440001797872001c6f72672e706f737467726573716c2e7574696c2e50476f626a656374f903de2682bdcb3b0200024c0004747970657400124c6a6176612f6c616e672f537472696e673b4c000576616c756571007e00027870740005706f696e7470403e67a6698bb4d540493ae8d972cd7d
Home	4292	\\xaced0005737200206f72672e706f737467726573716c2e67656f6d65747269632e5047706f696e740344df957cda498f02000244000178440001797872001c6f72672e706f737467726573716c2e7574696c2e50476f626a656374f903de2682bdcb3b0200024c0004747970657400124c6a6176612f6c616e672f537472696e673b4c000576616c756571007e00027870740005706f696e7470403ea0a05f86785240493264fdb09a69
Work	4292	\\xaced0005737200206f72672e706f737467726573716c2e67656f6d65747269632e5047706f696e740344df957cda498f02000244000178440001797872001c6f72672e706f737467726573716c2e7574696c2e50476f626a656374f903de2682bdcb3b0200024c0004747970657400124c6a6176612f6c616e672f537472696e673b4c000576616c756571007e00027870740005706f696e7470403e74d21d6ea5d040494067c93cf555
Bower	4294	\\xaced0005737200206f72672e706f737467726573716c2e67656f6d65747269632e5047706f696e740344df957cda498f02000244000178440001797872001c6f72672e706f737467726573716c2e7574696c2e50476f626a656374f903de2682bdcb3b0200024c0004747970657400124c6a6176612f6c616e672f537472696e673b4c000576616c756571007e00027870740005706f696e7470403e5a5fd7002c7640493c29f9ce8d97
Mistress	4295	\\xaced0005737200206f72672e706f737467726573716c2e67656f6d65747269632e5047706f696e740344df957cda498f02000244000178440001797872001c6f72672e706f737467726573716c2e7574696c2e50476f626a656374f903de2682bdcb3b0200024c0004747970657400124c6a6176612f6c616e672f537472696e673b4c000576616c756571007e00027870740005706f696e7470403e5eb941d58d664049386bd032b2db
Home	4300	\\xaced0005737200206f72672e706f737467726573716c2e67656f6d65747269632e5047706f696e740344df957cda498f02000244000178440001797872001c6f72672e706f737467726573716c2e7574696c2e50476f626a656374f903de2682bdcb3b0200024c0004747970657400124c6a6176612f6c616e672f537472696e673b4c000576616c756571007e00027870740005706f696e7470403e654467381d7b40493de56473471f
University	4300	\\xaced0005737200206f72672e706f737467726573716c2e67656f6d65747269632e5047706f696e740344df957cda498f02000244000178440001797872001c6f72672e706f737467726573716c2e7574696c2e50476f626a656374f903de2682bdcb3b0200024c0004747970657400124c6a6176612f6c616e672f537472696e673b4c000576616c756571007e00027870740005706f696e7470403e6db2b19893e040493f1efb6dca08
Work	4301	\\xaced0005737200206f72672e706f737467726573716c2e67656f6d65747269632e5047706f696e740344df957cda498f02000244000178440001797872001c6f72672e706f737467726573716c2e7574696c2e50476f626a656374f903de2682bdcb3b0200024c0004747970657400124c6a6176612f6c616e672f537472696e673b4c000576616c756571007e00027870740005706f696e7470403e84dca8e2e2b9404936369fcf3dc0
Home	4306	\\xaced0005737200206f72672e706f737467726573716c2e67656f6d65747269632e5047706f696e740344df957cda498f02000244000178440001797872001c6f72672e706f737467726573716c2e7574696c2e50476f626a656374f903de2682bdcb3b0200024c0004747970657400124c6a6176612f6c616e672f537472696e673b4c000576616c756571007e00027870740005706f696e7470403eaafd86a8fc0d404934febd09e12a
Bower	4306	\\xaced0005737200206f72672e706f737467726573716c2e67656f6d65747269632e5047706f696e740344df957cda498f02000244000178440001797872001c6f72672e706f737467726573716c2e7574696c2e50476f626a656374f903de2682bdcb3b0200024c0004747970657400124c6a6176612f6c616e672f537472696e673b4c000576616c756571007e00027870740005706f696e7470403e8104c48adeec4049380db2702a35
Work	4307	\\xaced0005737200206f72672e706f737467726573716c2e67656f6d65747269632e5047706f696e740344df957cda498f02000244000178440001797872001c6f72672e706f737467726573716c2e7574696c2e50476f626a656374f903de2682bdcb3b0200024c0004747970657400124c6a6176612f6c616e672f537472696e673b4c000576616c756571007e00027870740005706f696e7470403e871ecfcedfcd404932c03ff69013
Mistress	4310	\\xaced0005737200206f72672e706f737467726573716c2e67656f6d65747269632e5047706f696e740344df957cda498f02000244000178440001797872001c6f72672e706f737467726573716c2e7574696c2e50476f626a656374f903de2682bdcb3b0200024c0004747970657400124c6a6176612f6c616e672f537472696e673b4c000576616c756571007e00027870740005706f696e7470403eb5efd86a8fbe404930455eaee202
Home	4311	\\xaced0005737200206f72672e706f737467726573716c2e67656f6d65747269632e5047706f696e740344df957cda498f02000244000178440001797872001c6f72672e706f737467726573716c2e7574696c2e50476f626a656374f903de2682bdcb3b0200024c0004747970657400124c6a6176612f6c616e672f537472696e673b4c000576616c756571007e00027870740005706f696e7470403e9a1d8622c45040493e16bdb1a6d7
University	4311	\\xaced0005737200206f72672e706f737467726573716c2e67656f6d65747269632e5047706f696e740344df957cda498f02000244000178440001797872001c6f72672e706f737467726573716c2e7574696c2e50476f626a656374f903de2682bdcb3b0200024c0004747970657400124c6a6176612f6c616e672f537472696e673b4c000576616c756571007e00027870740005706f696e7470403e5e7a926d556e404938489d27c393
University	4312	\\xaced0005737200206f72672e706f737467726573716c2e67656f6d65747269632e5047706f696e740344df957cda498f02000244000178440001797872001c6f72672e706f737467726573716c2e7574696c2e50476f626a656374f903de2682bdcb3b0200024c0004747970657400124c6a6176612f6c616e672f537472696e673b4c000576616c756571007e00027870740005706f696e7470403ea4433bbef2ef4049323c9eecbfb1
University	4313	\\xaced0005737200206f72672e706f737467726573716c2e67656f6d65747269632e5047706f696e740344df957cda498f02000244000178440001797872001c6f72672e706f737467726573716c2e7574696c2e50476f626a656374f903de2682bdcb3b0200024c0004747970657400124c6a6176612f6c616e672f537472696e673b4c000576616c756571007e00027870740005706f696e7470403e64ecda894df24049381abd1aa822
Home	4314	\\xaced0005737200206f72672e706f737467726573716c2e67656f6d65747269632e5047706f696e740344df957cda498f02000244000178440001797872001c6f72672e706f737467726573716c2e7574696c2e50476f626a656374f903de2682bdcb3b0200024c0004747970657400124c6a6176612f6c616e672f537472696e673b4c000576616c756571007e00027870740005706f696e7470403e89bbe1c2fe17404937207d4e0978
Mistress	4314	\\xaced0005737200206f72672e706f737467726573716c2e67656f6d65747269632e5047706f696e740344df957cda498f02000244000178440001797872001c6f72672e706f737467726573716c2e7574696c2e50476f626a656374f903de2682bdcb3b0200024c0004747970657400124c6a6176612f6c616e672f537472696e673b4c000576616c756571007e00027870740005706f696e7470403e89c9363f572e4049385d43a7f57d
Bower	4317	\\xaced0005737200206f72672e706f737467726573716c2e67656f6d65747269632e5047706f696e740344df957cda498f02000244000178440001797872001c6f72672e706f737467726573716c2e7574696c2e50476f626a656374f903de2682bdcb3b0200024c0004747970657400124c6a6176612f6c616e672f537472696e673b4c000576616c756571007e00027870740005706f696e7470403e7df0eeeb04c64049414e577be7d8
Work	4319	\\xaced0005737200206f72672e706f737467726573716c2e67656f6d65747269632e5047706f696e740344df957cda498f02000244000178440001797872001c6f72672e706f737467726573716c2e7574696c2e50476f626a656374f903de2682bdcb3b0200024c0004747970657400124c6a6176612f6c616e672f537472696e673b4c000576616c756571007e00027870740005706f696e7470403e7248ea549d1040493130ec311623
Home	4320	\\xaced0005737200206f72672e706f737467726573716c2e67656f6d65747269632e5047706f696e740344df957cda498f02000244000178440001797872001c6f72672e706f737467726573716c2e7574696c2e50476f626a656374f903de2682bdcb3b0200024c0004747970657400124c6a6176612f6c616e672f537472696e673b4c000576616c756571007e00027870740005706f696e7470403ea054046412cf40493b9fec99f1ae
Home	4322	\\xaced0005737200206f72672e706f737467726573716c2e67656f6d65747269632e5047706f696e740344df957cda498f02000244000178440001797872001c6f72672e706f737467726573716c2e7574696c2e50476f626a656374f903de2682bdcb3b0200024c0004747970657400124c6a6176612f6c616e672f537472696e673b4c000576616c756571007e00027870740005706f696e7470403ea87219220ff5404935e0828c36db
Work	4322	\\xaced0005737200206f72672e706f737467726573716c2e67656f6d65747269632e5047706f696e740344df957cda498f02000244000178440001797872001c6f72672e706f737467726573716c2e7574696c2e50476f626a656374f903de2682bdcb3b0200024c0004747970657400124c6a6176612f6c616e672f537472696e673b4c000576616c756571007e00027870740005706f696e7470403e6acb7838f6c24049366c7eae5bc8
Home	4323	\\xaced0005737200206f72672e706f737467726573716c2e67656f6d65747269632e5047706f696e740344df957cda498f02000244000178440001797872001c6f72672e706f737467726573716c2e7574696c2e50476f626a656374f903de2682bdcb3b0200024c0004747970657400124c6a6176612f6c616e672f537472696e673b4c000576616c756571007e00027870740005706f696e7470403e78547827590a40492de4de3b8a18
Mistress	4325	\\xaced0005737200206f72672e706f737467726573716c2e67656f6d65747269632e5047706f696e740344df957cda498f02000244000178440001797872001c6f72672e706f737467726573716c2e7574696c2e50476f626a656374f903de2682bdcb3b0200024c0004747970657400124c6a6176612f6c616e672f537472696e673b4c000576616c756571007e00027870740005706f696e7470403e5f612407464540493b4b61fe21d9
Home	4326	\\xaced0005737200206f72672e706f737467726573716c2e67656f6d65747269632e5047706f696e740344df957cda498f02000244000178440001797872001c6f72672e706f737467726573716c2e7574696c2e50476f626a656374f903de2682bdcb3b0200024c0004747970657400124c6a6176612f6c616e672f537472696e673b4c000576616c756571007e00027870740005706f696e7470403e8de301c277df404934545846e8f3
Work	4326	\\xaced0005737200206f72672e706f737467726573716c2e67656f6d65747269632e5047706f696e740344df957cda498f02000244000178440001797872001c6f72672e706f737467726573716c2e7574696c2e50476f626a656374f903de2682bdcb3b0200024c0004747970657400124c6a6176612f6c616e672f537472696e673b4c000576616c756571007e00027870740005706f696e7470403e99cced83fc794049376c1adb4d99
Work	4327	\\xaced0005737200206f72672e706f737467726573716c2e67656f6d65747269632e5047706f696e740344df957cda498f02000244000178440001797872001c6f72672e706f737467726573716c2e7574696c2e50476f626a656374f903de2682bdcb3b0200024c0004747970657400124c6a6176612f6c616e672f537472696e673b4c000576616c756571007e00027870740005706f696e7470403e7b993d5347a640493334bd76ee74
University	4327	\\xaced0005737200206f72672e706f737467726573716c2e67656f6d65747269632e5047706f696e740344df957cda498f02000244000178440001797872001c6f72672e706f737467726573716c2e7574696c2e50476f626a656374f903de2682bdcb3b0200024c0004747970657400124c6a6176612f6c616e672f537472696e673b4c000576616c756571007e00027870740005706f696e7470403ea6736049ecb3404939c39bcba301
Work	4328	\\xaced0005737200206f72672e706f737467726573716c2e67656f6d65747269632e5047706f696e740344df957cda498f02000244000178440001797872001c6f72672e706f737467726573716c2e7574696c2e50476f626a656374f903de2682bdcb3b0200024c0004747970657400124c6a6176612f6c616e672f537472696e673b4c000576616c756571007e00027870740005706f696e7470403e7b927ef325264049344e59296702
Bower	4329	\\xaced0005737200206f72672e706f737467726573716c2e67656f6d65747269632e5047706f696e740344df957cda498f02000244000178440001797872001c6f72672e706f737467726573716c2e7574696c2e50476f626a656374f903de2682bdcb3b0200024c0004747970657400124c6a6176612f6c616e672f537472696e673b4c000576616c756571007e00027870740005706f696e7470403e7bd1dcd7060c40493b07e9d94d0c
Bower	4331	\\xaced0005737200206f72672e706f737467726573716c2e67656f6d65747269632e5047706f696e740344df957cda498f02000244000178440001797872001c6f72672e706f737467726573716c2e7574696c2e50476f626a656374f903de2682bdcb3b0200024c0004747970657400124c6a6176612f6c616e672f537472696e673b4c000576616c756571007e00027870740005706f696e7470403e65ab87d8a6f640493b743e963dc5
Work	4332	\\xaced0005737200206f72672e706f737467726573716c2e67656f6d65747269632e5047706f696e740344df957cda498f02000244000178440001797872001c6f72672e706f737467726573716c2e7574696c2e50476f626a656374f903de2682bdcb3b0200024c0004747970657400124c6a6176612f6c616e672f537472696e673b4c000576616c756571007e00027870740005706f696e7470403e85011904b3c4404935865d7cb2d9
Bower	4332	\\xaced0005737200206f72672e706f737467726573716c2e67656f6d65747269632e5047706f696e740344df957cda498f02000244000178440001797872001c6f72672e706f737467726573716c2e7574696c2e50476f626a656374f903de2682bdcb3b0200024c0004747970657400124c6a6176612f6c616e672f537472696e673b4c000576616c756571007e00027870740005706f696e7470403e84bfac52d9bf40493a0afbdc84cf
Mistress	4335	\\xaced0005737200206f72672e706f737467726573716c2e67656f6d65747269632e5047706f696e740344df957cda498f02000244000178440001797872001c6f72672e706f737467726573716c2e7574696c2e50476f626a656374f903de2682bdcb3b0200024c0004747970657400124c6a6176612f6c616e672f537472696e673b4c000576616c756571007e00027870740005706f696e7470403eb4483522f77c4049315ddd2ae8e2
University	4336	\\xaced0005737200206f72672e706f737467726573716c2e67656f6d65747269632e5047706f696e740344df957cda498f02000244000178440001797872001c6f72672e706f737467726573716c2e7574696c2e50476f626a656374f903de2682bdcb3b0200024c0004747970657400124c6a6176612f6c616e672f537472696e673b4c000576616c756571007e00027870740005706f696e7470403e8e1fb1762f314049358519afd46f
Work	4337	\\xaced0005737200206f72672e706f737467726573716c2e67656f6d65747269632e5047706f696e740344df957cda498f02000244000178440001797872001c6f72672e706f737467726573716c2e7574696c2e50476f626a656374f903de2682bdcb3b0200024c0004747970657400124c6a6176612f6c616e672f537472696e673b4c000576616c756571007e00027870740005706f696e7470403e7f8bdec5f3924049403009b30729
Work	4338	\\xaced0005737200206f72672e706f737467726573716c2e67656f6d65747269632e5047706f696e740344df957cda498f02000244000178440001797872001c6f72672e706f737467726573716c2e7574696c2e50476f626a656374f903de2682bdcb3b0200024c0004747970657400124c6a6176612f6c616e672f537472696e673b4c000576616c756571007e00027870740005706f696e7470403e85d11be6e65440492fd1782d3847
Mistress	4340	\\xaced0005737200206f72672e706f737467726573716c2e67656f6d65747269632e5047706f696e740344df957cda498f02000244000178440001797872001c6f72672e706f737467726573716c2e7574696c2e50476f626a656374f903de2682bdcb3b0200024c0004747970657400124c6a6176612f6c616e672f537472696e673b4c000576616c756571007e00027870740005706f696e7470403e70f58cdf76f340493e80389f83be
Bower	4340	\\xaced0005737200206f72672e706f737467726573716c2e67656f6d65747269632e5047706f696e740344df957cda498f02000244000178440001797872001c6f72672e706f737467726573716c2e7574696c2e50476f626a656374f903de2682bdcb3b0200024c0004747970657400124c6a6176612f6c616e672f537472696e673b4c000576616c756571007e00027870740005706f696e7470403e864c0fa30b3240493bce761a3890
Bower	4341	\\xaced0005737200206f72672e706f737467726573716c2e67656f6d65747269632e5047706f696e740344df957cda498f02000244000178440001797872001c6f72672e706f737467726573716c2e7574696c2e50476f626a656374f903de2682bdcb3b0200024c0004747970657400124c6a6176612f6c616e672f537472696e673b4c000576616c756571007e00027870740005706f696e7470403e7e411f850085404933983947496b
University	4344	\\xaced0005737200206f72672e706f737467726573716c2e67656f6d65747269632e5047706f696e740344df957cda498f02000244000178440001797872001c6f72672e706f737467726573716c2e7574696c2e50476f626a656374f903de2682bdcb3b0200024c0004747970657400124c6a6176612f6c616e672f537472696e673b4c000576616c756571007e00027870740005706f696e7470403e8a65b9983ca240493779fc45605c
Work	4345	\\xaced0005737200206f72672e706f737467726573716c2e67656f6d65747269632e5047706f696e740344df957cda498f02000244000178440001797872001c6f72672e706f737467726573716c2e7574696c2e50476f626a656374f903de2682bdcb3b0200024c0004747970657400124c6a6176612f6c616e672f537472696e673b4c000576616c756571007e00027870740005706f696e7470403e80be794cf2f8404933bbb1f255f3
Bower	4345	\\xaced0005737200206f72672e706f737467726573716c2e67656f6d65747269632e5047706f696e740344df957cda498f02000244000178440001797872001c6f72672e706f737467726573716c2e7574696c2e50476f626a656374f903de2682bdcb3b0200024c0004747970657400124c6a6176612f6c616e672f537472696e673b4c000576616c756571007e00027870740005706f696e7470403ea9e89077b1e8404936ca600b0293
Bower	4346	\\xaced0005737200206f72672e706f737467726573716c2e67656f6d65747269632e5047706f696e740344df957cda498f02000244000178440001797872001c6f72672e706f737467726573716c2e7574696c2e50476f626a656374f903de2682bdcb3b0200024c0004747970657400124c6a6176612f6c616e672f537472696e673b4c000576616c756571007e00027870740005706f696e7470403ea63ef43195a44049386edaa92e62
Home	4349	\\xaced0005737200206f72672e706f737467726573716c2e67656f6d65747269632e5047706f696e740344df957cda498f02000244000178440001797872001c6f72672e706f737467726573716c2e7574696c2e50476f626a656374f903de2682bdcb3b0200024c0004747970657400124c6a6176612f6c616e672f537472696e673b4c000576616c756571007e00027870740005706f696e7470403e851611ba3ca7404932a7f8012dfd
University	4349	\\xaced0005737200206f72672e706f737467726573716c2e67656f6d65747269632e5047706f696e740344df957cda498f02000244000178440001797872001c6f72672e706f737467726573716c2e7574696c2e50476f626a656374f903de2682bdcb3b0200024c0004747970657400124c6a6176612f6c616e672f537472696e673b4c000576616c756571007e00027870740005706f696e7470403e7da995901f9d4049353fd933e35c
Work	4351	\\xaced0005737200206f72672e706f737467726573716c2e67656f6d65747269632e5047706f696e740344df957cda498f02000244000178440001797872001c6f72672e706f737467726573716c2e7574696c2e50476f626a656374f903de2682bdcb3b0200024c0004747970657400124c6a6176612f6c616e672f537472696e673b4c000576616c756571007e00027870740005706f696e7470403e74eebdb85cd340493f185cee17a0
Mistress	4351	\\xaced0005737200206f72672e706f737467726573716c2e67656f6d65747269632e5047706f696e740344df957cda498f02000244000178440001797872001c6f72672e706f737467726573716c2e7574696c2e50476f626a656374f903de2682bdcb3b0200024c0004747970657400124c6a6176612f6c616e672f537472696e673b4c000576616c756571007e00027870740005706f696e7470403e7c13320bebc740494239799e518f
Bower	4351	\\xaced0005737200206f72672e706f737467726573716c2e67656f6d65747269632e5047706f696e740344df957cda498f02000244000178440001797872001c6f72672e706f737467726573716c2e7574696c2e50476f626a656374f903de2682bdcb3b0200024c0004747970657400124c6a6176612f6c616e672f537472696e673b4c000576616c756571007e00027870740005706f696e7470403e94cf363398b4404941055b899392
University	4352	\\xaced0005737200206f72672e706f737467726573716c2e67656f6d65747269632e5047706f696e740344df957cda498f02000244000178440001797872001c6f72672e706f737467726573716c2e7574696c2e50476f626a656374f903de2682bdcb3b0200024c0004747970657400124c6a6176612f6c616e672f537472696e673b4c000576616c756571007e00027870740005706f696e7470403eb4679cc74b84404931337eb28d86
Bower	4356	\\xaced0005737200206f72672e706f737467726573716c2e67656f6d65747269632e5047706f696e740344df957cda498f02000244000178440001797872001c6f72672e706f737467726573716c2e7574696c2e50476f626a656374f903de2682bdcb3b0200024c0004747970657400124c6a6176612f6c616e672f537472696e673b4c000576616c756571007e00027870740005706f696e7470403e88bbd380453540492ffa5d28d003
University	4357	\\xaced0005737200206f72672e706f737467726573716c2e67656f6d65747269632e5047706f696e740344df957cda498f02000244000178440001797872001c6f72672e706f737467726573716c2e7574696c2e50476f626a656374f903de2682bdcb3b0200024c0004747970657400124c6a6176612f6c616e672f537472696e673b4c000576616c756571007e00027870740005706f696e7470403e58e4d6aecdde40493c387df5cf25
Work	4358	\\xaced0005737200206f72672e706f737467726573716c2e67656f6d65747269632e5047706f696e740344df957cda498f02000244000178440001797872001c6f72672e706f737467726573716c2e7574696c2e50476f626a656374f903de2682bdcb3b0200024c0004747970657400124c6a6176612f6c616e672f537472696e673b4c000576616c756571007e00027870740005706f696e7470403e81a83898cdc2404937dcf893faf4
Home	4359	\\xaced0005737200206f72672e706f737467726573716c2e67656f6d65747269632e5047706f696e740344df957cda498f02000244000178440001797872001c6f72672e706f737467726573716c2e7574696c2e50476f626a656374f903de2682bdcb3b0200024c0004747970657400124c6a6176612f6c616e672f537472696e673b4c000576616c756571007e00027870740005706f696e7470403e6de81cb46bad40494147bedb7282
Work	4360	\\xaced0005737200206f72672e706f737467726573716c2e67656f6d65747269632e5047706f696e740344df957cda498f02000244000178440001797872001c6f72672e706f737467726573716c2e7574696c2e50476f626a656374f903de2682bdcb3b0200024c0004747970657400124c6a6176612f6c616e672f537472696e673b4c000576616c756571007e00027870740005706f696e7470403e88829cfdd22840493277ff151e75
University	4365	\\xaced0005737200206f72672e706f737467726573716c2e67656f6d65747269632e5047706f696e740344df957cda498f02000244000178440001797872001c6f72672e706f737467726573716c2e7574696c2e50476f626a656374f903de2682bdcb3b0200024c0004747970657400124c6a6176612f6c616e672f537472696e673b4c000576616c756571007e00027870740005706f696e7470403e57e707e175d140493a2845996745
Bower	4366	\\xaced0005737200206f72672e706f737467726573716c2e67656f6d65747269632e5047706f696e740344df957cda498f02000244000178440001797872001c6f72672e706f737467726573716c2e7574696c2e50476f626a656374f903de2682bdcb3b0200024c0004747970657400124c6a6176612f6c616e672f537472696e673b4c000576616c756571007e00027870740005706f696e7470403eb5947ea7a5cc4049308ffb8b2639
Work	4367	\\xaced0005737200206f72672e706f737467726573716c2e67656f6d65747269632e5047706f696e740344df957cda498f02000244000178440001797872001c6f72672e706f737467726573716c2e7574696c2e50476f626a656374f903de2682bdcb3b0200024c0004747970657400124c6a6176612f6c616e672f537472696e673b4c000576616c756571007e00027870740005706f696e7470403e53eef2918274404939dfb9389b52
University	4367	\\xaced0005737200206f72672e706f737467726573716c2e67656f6d65747269632e5047706f696e740344df957cda498f02000244000178440001797872001c6f72672e706f737467726573716c2e7574696c2e50476f626a656374f903de2682bdcb3b0200024c0004747970657400124c6a6176612f6c616e672f537472696e673b4c000576616c756571007e00027870740005706f696e7470403e7ab920479e2440493a42df78a0fc
Home	4370	\\xaced0005737200206f72672e706f737467726573716c2e67656f6d65747269632e5047706f696e740344df957cda498f02000244000178440001797872001c6f72672e706f737467726573716c2e7574696c2e50476f626a656374f903de2682bdcb3b0200024c0004747970657400124c6a6176612f6c616e672f537472696e673b4c000576616c756571007e00027870740005706f696e7470403e8bd35eb7457c404937e57d9dba91
University	4371	\\xaced0005737200206f72672e706f737467726573716c2e67656f6d65747269632e5047706f696e740344df957cda498f02000244000178440001797872001c6f72672e706f737467726573716c2e7574696c2e50476f626a656374f903de2682bdcb3b0200024c0004747970657400124c6a6176612f6c616e672f537472696e673b4c000576616c756571007e00027870740005706f696e7470403e7b45d19b68a740493bf53825e13b
University	4374	\\xaced0005737200206f72672e706f737467726573716c2e67656f6d65747269632e5047706f696e740344df957cda498f02000244000178440001797872001c6f72672e706f737467726573716c2e7574696c2e50476f626a656374f903de2682bdcb3b0200024c0004747970657400124c6a6176612f6c616e672f537472696e673b4c000576616c756571007e00027870740005706f696e7470403e9692923e5b8540493bc4b90214ad
Home	4375	\\xaced0005737200206f72672e706f737467726573716c2e67656f6d65747269632e5047706f696e740344df957cda498f02000244000178440001797872001c6f72672e706f737467726573716c2e7574696c2e50476f626a656374f903de2682bdcb3b0200024c0004747970657400124c6a6176612f6c616e672f537472696e673b4c000576616c756571007e00027870740005706f696e7470403e73f2c9b697d7404936e4dae08bc6
University	4375	\\xaced0005737200206f72672e706f737467726573716c2e67656f6d65747269632e5047706f696e740344df957cda498f02000244000178440001797872001c6f72672e706f737467726573716c2e7574696c2e50476f626a656374f903de2682bdcb3b0200024c0004747970657400124c6a6176612f6c616e672f537472696e673b4c000576616c756571007e00027870740005706f696e7470403e618676a7264a40493b015c209245
Bower	4375	\\xaced0005737200206f72672e706f737467726573716c2e67656f6d65747269632e5047706f696e740344df957cda498f02000244000178440001797872001c6f72672e706f737467726573716c2e7574696c2e50476f626a656374f903de2682bdcb3b0200024c0004747970657400124c6a6176612f6c616e672f537472696e673b4c000576616c756571007e00027870740005706f696e7470403e776d2094cafe40493a1b29513222
Work	4376	\\xaced0005737200206f72672e706f737467726573716c2e67656f6d65747269632e5047706f696e740344df957cda498f02000244000178440001797872001c6f72672e706f737467726573716c2e7574696c2e50476f626a656374f903de2682bdcb3b0200024c0004747970657400124c6a6176612f6c616e672f537472696e673b4c000576616c756571007e00027870740005706f696e7470403e734e102e4b6d404938f5dbb9cf9b
Mistress	4376	\\xaced0005737200206f72672e706f737467726573716c2e67656f6d65747269632e5047706f696e740344df957cda498f02000244000178440001797872001c6f72672e706f737467726573716c2e7574696c2e50476f626a656374f903de2682bdcb3b0200024c0004747970657400124c6a6176612f6c616e672f537472696e673b4c000576616c756571007e00027870740005706f696e7470403e7e059a73b42d4049397ab324851b
University	4378	\\xaced0005737200206f72672e706f737467726573716c2e67656f6d65747269632e5047706f696e740344df957cda498f02000244000178440001797872001c6f72672e706f737467726573716c2e7574696c2e50476f626a656374f903de2682bdcb3b0200024c0004747970657400124c6a6176612f6c616e672f537472696e673b4c000576616c756571007e00027870740005706f696e7470403e8e3d5270e61c4049346a65cf67b0
Mistress	4380	\\xaced0005737200206f72672e706f737467726573716c2e67656f6d65747269632e5047706f696e740344df957cda498f02000244000178440001797872001c6f72672e706f737467726573716c2e7574696c2e50476f626a656374f903de2682bdcb3b0200024c0004747970657400124c6a6176612f6c616e672f537472696e673b4c000576616c756571007e00027870740005706f696e7470403e6f07e323506740493920048245c0
University	4381	\\xaced0005737200206f72672e706f737467726573716c2e67656f6d65747269632e5047706f696e740344df957cda498f02000244000178440001797872001c6f72672e706f737467726573716c2e7574696c2e50476f626a656374f903de2682bdcb3b0200024c0004747970657400124c6a6176612f6c616e672f537472696e673b4c000576616c756571007e00027870740005706f696e7470403e82086020d208404937374aefe859
Work	4382	\\xaced0005737200206f72672e706f737467726573716c2e67656f6d65747269632e5047706f696e740344df957cda498f02000244000178440001797872001c6f72672e706f737467726573716c2e7574696c2e50476f626a656374f903de2682bdcb3b0200024c0004747970657400124c6a6176612f6c616e672f537472696e673b4c000576616c756571007e00027870740005706f696e7470403e7089af40cacb40493abe9c886163
Mistress	4383	\\xaced0005737200206f72672e706f737467726573716c2e67656f6d65747269632e5047706f696e740344df957cda498f02000244000178440001797872001c6f72672e706f737467726573716c2e7574696c2e50476f626a656374f903de2682bdcb3b0200024c0004747970657400124c6a6176612f6c616e672f537472696e673b4c000576616c756571007e00027870740005706f696e7470403e71bca2b31dcf404938b50b0f27bb
Work	4384	\\xaced0005737200206f72672e706f737467726573716c2e67656f6d65747269632e5047706f696e740344df957cda498f02000244000178440001797872001c6f72672e706f737467726573716c2e7574696c2e50476f626a656374f903de2682bdcb3b0200024c0004747970657400124c6a6176612f6c616e672f537472696e673b4c000576616c756571007e00027870740005706f696e7470403e87d91c6668144049386039fc7b10
Work	4385	\\xaced0005737200206f72672e706f737467726573716c2e67656f6d65747269632e5047706f696e740344df957cda498f02000244000178440001797872001c6f72672e706f737467726573716c2e7574696c2e50476f626a656374f903de2682bdcb3b0200024c0004747970657400124c6a6176612f6c616e672f537472696e673b4c000576616c756571007e00027870740005706f696e7470403e7cf75f478e344049346232243f7a
Bower	4388	\\xaced0005737200206f72672e706f737467726573716c2e67656f6d65747269632e5047706f696e740344df957cda498f02000244000178440001797872001c6f72672e706f737467726573716c2e7574696c2e50476f626a656374f903de2682bdcb3b0200024c0004747970657400124c6a6176612f6c616e672f537472696e673b4c000576616c756571007e00027870740005706f696e7470403e74069b24b4144049343b3e9a6f82
Work	4389	\\xaced0005737200206f72672e706f737467726573716c2e67656f6d65747269632e5047706f696e740344df957cda498f02000244000178440001797872001c6f72672e706f737467726573716c2e7574696c2e50476f626a656374f903de2682bdcb3b0200024c0004747970657400124c6a6176612f6c616e672f537472696e673b4c000576616c756571007e00027870740005706f696e7470403e6f629f31890f40493ea1c76584bf
Mistress	4392	\\xaced0005737200206f72672e706f737467726573716c2e67656f6d65747269632e5047706f696e740344df957cda498f02000244000178440001797872001c6f72672e706f737467726573716c2e7574696c2e50476f626a656374f903de2682bdcb3b0200024c0004747970657400124c6a6176612f6c616e672f537472696e673b4c000576616c756571007e00027870740005706f696e7470403e8915fd9846b34049383bd8f4227c
Home	4397	\\xaced0005737200206f72672e706f737467726573716c2e67656f6d65747269632e5047706f696e740344df957cda498f02000244000178440001797872001c6f72672e706f737467726573716c2e7574696c2e50476f626a656374f903de2682bdcb3b0200024c0004747970657400124c6a6176612f6c616e672f537472696e673b4c000576616c756571007e00027870740005706f696e7470403ea109070fbeba4049338d3f1843c4
Work	4397	\\xaced0005737200206f72672e706f737467726573716c2e67656f6d65747269632e5047706f696e740344df957cda498f02000244000178440001797872001c6f72672e706f737467726573716c2e7574696c2e50476f626a656374f903de2682bdcb3b0200024c0004747970657400124c6a6176612f6c616e672f537472696e673b4c000576616c756571007e00027870740005706f696e7470403e68b4578b015040493b3d67699ba6
Home	4398	\\xaced0005737200206f72672e706f737467726573716c2e67656f6d65747269632e5047706f696e740344df957cda498f02000244000178440001797872001c6f72672e706f737467726573716c2e7574696c2e50476f626a656374f903de2682bdcb3b0200024c0004747970657400124c6a6176612f6c616e672f537472696e673b4c000576616c756571007e00027870740005706f696e7470403e8c7b02d59d5640493562bf11f925
University	4398	\\xaced0005737200206f72672e706f737467726573716c2e67656f6d65747269632e5047706f696e740344df957cda498f02000244000178440001797872001c6f72672e706f737467726573716c2e7574696c2e50476f626a656374f903de2682bdcb3b0200024c0004747970657400124c6a6176612f6c616e672f537472696e673b4c000576616c756571007e00027870740005706f696e7470403e8d24bfd2e94740492e8b19a415f4
\.


--
-- Data for Name: car; Type: TABLE DATA; Schema: public; Owner: byte
--

COPY car (car_number, car_model, color, car_category, animal_transportation_applicable, free_wifi, air_conditioner, accepts_visa) FROM stdin;
АА 9148 JP	Mitsubishi Outlander Sport, 2012	white	ECONOMY_CLASS	t	f	t	f
ВВ 0101 EH	Nissan Altima, 2006	orange	VAN	f	f	f	f
СА 9891 DX	Eagle Vision, 1993	black	BUSINESS_CLASS	t	f	f	f
АЕ 0584 HS	Mitsubishi Pajero, 1990	white	ECONOMY_CLASS	t	t	t	t
АI 7227 FX	BMW M6, 2009	white	ECONOMY_CLASS	t	f	f	f
ВТ 6316 AL	GMC Savana 2500, 2003	white	VAN	f	f	t	f
ВО 5187 SP	Suzuki SX4, 2008	white	VAN	t	f	f	f
АЕ 3729 BS	Mazda MX-5, 1998	green	USER_CAR	f	f	f	f
СА 9320 RV	Mazda 626, 1997	red	VAN	f	f	f	f
АI 0354 DI	Nissan 350Z, 2009	black	VAN	f	f	f	f
АХ 3417 NW	Land Rover Range Rover Sport, 2012	green	ECONOMY_CLASS	f	f	f	f
АС 1955 FK	Ford Bronco, 1994	red	VAN	t	t	f	f
ВМ 7272 DI	GMC Safari, 1997	white	BUSINESS_CLASS	t	f	f	f
АН 0731 OI	Daewoo Lanos, 1999	white	USER_CAR	t	f	f	f
АР 9017 NI	Lexus IS, 2001	green	ECONOMY_CLASS	f	f	f	f
СВ 2044 FV	Jeep Wrangler, 1998	orange	VAN	t	f	f	f
СА 6235 JG	Chevrolet Colorado, 2007	green	BUSINESS_CLASS	t	f	f	f
АА 9490 TK	Toyota Tundra, 2010	white	ECONOMY_CLASS	t	f	f	f
АМ 6019 UN	Chrysler Voyager, 2003	grey	VAN	t	f	f	f
АС 3288 XN	Mitsubishi Truck, 1994	black	BUSINESS_CLASS	f	f	f	f
АН 7576 DR	Cadillac STS-V, 2009	orange	ECONOMY_CLASS	f	t	f	f
ВВ 9189 PJ	Mazda MX-5, 2002	red	ECONOMY_CLASS	t	f	f	f
АР 4752 IQ	BMW 6 Series, 2005	black	VAN	f	f	f	f
ВО 5587 BR	Audi A6, 2009	grey	ECONOMY_CLASS	f	f	f	f
ВН 1743 AF	Cadillac Escalade EXT, 2004	blue	VAN	t	f	f	f
СН 1816 CS	Plymouth Neon, 2000	black	VAN	f	f	f	f
ВО 4348 QH	Chrysler Crossfire, 2004	white	USER_CAR	f	f	f	f
СН 7465 UM	Chevrolet Impala, 2002	orange	BUSINESS_CLASS	t	f	f	f
АА 6346 QW	Mitsubishi Outlander, 2011	white	VAN	f	f	f	f
ВХ 3185 PC	Mazda Mazda3, 2012	grey	BUSINESS_CLASS	t	f	f	f
АО 5955 JP	Volvo 960, 1993	red	ECONOMY_CLASS	f	f	f	f
АО 5973 UJ	Jeep Cherokee, 2000	orange	ECONOMY_CLASS	t	t	f	f
СН 9741 KW	Volkswagen Passat, 2006	black	BUSINESS_CLASS	t	f	f	f
ВI 5861 PS	Chevrolet S10, 1997	white	VAN	f	f	f	f
ВВ 2421 EO	Dodge Ram 1500, 2009	orange	ECONOMY_CLASS	t	f	f	f
ВС 8701 SB	Ford Five Hundred, 2007	white	USER_CAR	t	f	f	f
ВТ 9218 QT	Hyundai Sonata, 2005	green	ECONOMY_CLASS	t	f	t	f
АЕ 5526 EW	BMW 7 Series, 1996	black	USER_CAR	f	t	f	f
\.


--
-- Data for Name: config; Type: TABLE DATA; Schema: public; Owner: byte
--

COPY config (name, value) FROM stdin;
\.


--
-- Data for Name: service_user; Type: TABLE DATA; Schema: public; Owner: byte
--

COPY service_user (user_id, email, password, phone, sex, driver, admin, group_name, car_number, driver_license, ignored_times, activated, registration_date) FROM stdin;
4299	nelli.heino24@example.com	pass1	03-165-593	F	f	t	\N	\N	\N	0	t	2015-01-03 08:07:50.367
4300	elli.suomi44@example.com	willy1	02-010-479	F	f	f	\N	\N	\N	2	t	2014-05-31 20:21:34.429
4301	nelli.erkkila18@example.com	rugby	04-574-085	F	f	f	\N	\N	\N	0	t	2014-09-20 02:59:07.969
4302	niklas.korhonen54@example.com	grandma	08-991-586	M	f	f	\N	\N	\N	0	t	2014-12-29 19:27:36.945
4304	oliver.lehtola50@example.com	kathleen	06-724-551	M	f	f	happy housewives	\N	\N	2	t	2014-09-06 16:28:52.185
4303	ella.maijala52@example.com	light	08-523-673	F	t	f	classB	АЕ 0584 HS		1	t	2014-09-11 07:55:48.523
4305	helmi.kuusisto14@example.com	winston	05-913-955	F	f	f	\N	\N	\N	3	t	2015-03-28 04:20:31.214
4306	elsa.makinen95@example.com	tucson	09-037-256	F	f	f	IO-24	\N	\N	0	t	2013-11-27 16:59:35.099
4307	joona.puro45@example.com	jjjjjjj	09-328-319	M	f	f	\N	\N	\N	2	t	2014-04-28 00:49:24.492
4308	amanda.hakola58@example.com	condor	06-545-034	F	f	f	\N	\N	\N	0	t	2014-06-07 02:12:13.73
4298	charline.riviere89@example.com	adam12	04-17-68-95-02	F	f	f	\N	\N	\N	2	t	2014-10-05 09:21:17.541
4309	matilda.pulkkinen77@example.com	swallow	02-125-479	F	f	f	happy housewives	\N	\N	4	t	2015-01-07 04:59:33.171
4310	hilla.rajala37@example.com	bluesky	09-443-680	F	f	f	\N	\N	\N	4	t	2015-01-17 15:15:53.75
4312	ellen.koistinen68@example.com	wolverine	06-789-711	F	f	f	noname	\N	\N	2	t	2015-05-04 10:29:04.575
4311	eemil.suomi10@example.com	maryann	03-090-179	M	t	f	\N	АI 7227 FX		4	t	2014-09-29 09:22:52.65
4313	aapo.saksa74@example.com	stephen1	09-506-098	M	f	f	\N	\N	\N	2	t	2014-02-24 03:04:09.653
4314	jimi.ramo70@example.com	5252	07-378-094	M	f	f	\N	\N	\N	4	t	2014-03-15 10:27:02.041
4315	nella.seppanen85@example.com	walnut	05-284-367	F	f	f	\N	\N	\N	0	t	2015-03-27 02:31:29.038
4316	juho.wirtanen87@example.com	ffffff	03-169-710	M	f	f	\N	\N	\N	1	t	2014-08-09 01:05:21.181
4317	emil.kalas92@example.com	keegan	08-996-358	M	f	f	\N	\N	\N	2	t	2014-08-16 23:54:53.739
4318	juho.korpi85@example.com	exodus	07-059-898	M	f	t	noname	\N	\N	2	t	2014-08-19 09:50:00.273
4319	akseli.kurtti32@example.com	hotshot	05-512-565	M	f	f	\N	\N	\N	3	t	2014-05-05 04:41:48.883
4320	ellen.nevala69@example.com	hanson	02-891-308	F	f	f	\N	\N	\N	3	t	2015-04-06 20:57:27.962
4321	emilia.lahti18@example.com	angels	08-854-424	F	f	f	\N	\N	\N	0	t	2014-09-08 16:55:33.243
4322	jimi.laitinen83@example.com	bella1	05-614-365	M	f	f	TP	\N	\N	4	t	2014-01-06 04:52:24.374
4323	anni.kauppi91@example.com	kelly	04-333-882	F	f	f	\N	\N	\N	3	t	2015-01-11 04:18:41.94
4324	mikael.saarinen62@example.com	walton	09-090-041	M	f	f	\N	\N	\N	1	t	2013-11-21 10:19:22.693
4326	amanda.wuori49@example.com	link	03-611-179	F	f	f	\N	\N	\N	2	t	2014-06-18 13:05:16.354
4325	nooa.leinonen57@example.com	jaguar1	03-580-011	M	t	f	\N	ВТ 6316 AL	D1	3	t	2013-12-19 04:55:27.711
4327	niilo.halla14@example.com	cbr600	09-558-890	M	f	f	\N	\N	\N	3	t	2014-04-29 22:26:37.966
4328	eetu.wuollet84@example.com	zxczxc	04-014-977	M	f	f	TP	\N	\N	1	t	2014-12-12 11:36:53.077
4329	oliver.lampo92@example.com	randy	03-256-910	M	f	t	\N	\N	\N	2	t	2014-10-24 21:19:52.42
4330	venla.luoma46@example.com	finish	05-905-842	F	f	f	\N	\N	\N	1	t	2014-09-15 11:57:48.618
4331	emilia.wallo94@example.com	julie1	08-847-747	F	f	f	\N	\N	\N	3	t	2014-10-21 09:05:33.757
4269	gwendolyn.steeves48@example.com	callum	(356)-404-1577	F	f	f	NaVi	\N	\N	1	t	2014-02-21 22:35:23.662
4270	javier.foster21@example.com	birdie	(314)-852-9628	M	f	f	\N	\N	\N	4	t	2013-12-27 18:06:05.465
4271	sonia.mcdonalid27@example.com	mark1	(995)-178-8493	F	f	f	TP	\N	\N	0	t	2014-11-07 20:25:09.387
4272	sean.bishop80@example.com	oatmeal	(726)-725-1974	M	f	f	happy housewives	\N	\N	4	t	2014-11-26 01:13:01.398
4273	douglas.peters56@example.com	forgot	(180)-685-8380	M	f	f	\N	\N	\N	1	t	2014-10-23 06:18:20.314
4274	rodney.romero45@example.com	offshore	(647)-457-9971	M	f	f	happy housewives	\N	\N	2	t	2014-05-26 14:55:02.454
4332	niklas.haataja70@example.com	physics	07-489-212	M	f	f	\N	\N	\N	0	t	2015-03-08 20:16:46.445
4277	martha.gonzales70@example.com	24242424	(223)-478-2583	F	f	f	\N	\N	\N	2	t	2014-03-27 06:12:28.188
4276	stephen.adams18@example.com	midget	(583)-843-4160	M	t	f	\N	АА 9148 JP	A1, BE	1	t	2014-03-11 17:06:42.888
4278	theresa.butler39@example.com	madmax	(382)-866-7780	F	f	f	\N	\N	\N	0	t	2015-05-03 13:09:42.133
4275	christine.mendoza49@example.com	force	(250)-811-2106	F	f	t	\N	\N	\N	1	t	2015-04-30 17:02:52.479
4279	julian.blanc49@example.com	never	03-71-43-82-66	M	f	f	TP	\N	\N	0	t	2014-12-06 00:38:17.221
4280	anthony.legrand39@example.com	show	02-97-57-83-95	M	f	f	\N	\N	\N	2	t	2014-08-05 00:03:38.243
4281	juliette.muller40@example.com	challeng	03-25-96-17-38	F	f	f	TP	\N	\N	1	t	2015-03-05 23:00:20.844
4282	elsa.louis11@example.com	girls1	02-40-05-86-12	F	f	f	\N	\N	\N	2	t	2014-04-16 18:41:05.082
4283	alexia.legrand21@example.com	chiks	03-72-83-46-34	F	f	f	IO-24	\N	\N	0	t	2015-01-07 06:38:33.989
4284	cassandre.philippe10@example.com	network	01-43-09-36-28	F	f	f	TP	\N	\N	3	t	2014-05-16 11:59:28.976
4285	hanaé.lacroix58@example.com	rockets	01-37-52-61-54	F	f	f	\N	\N	\N	1	t	2014-06-12 12:51:30.818
4333	ilona.rautio21@example.com	just4me	02-814-066	F	f	f	\N	\N	\N	3	t	2015-02-05 08:15:37.906
4287	kiara.arnaud88@example.com	delta	02-34-65-42-75	F	f	f	\N	\N	\N	0	t	2014-03-17 06:14:56.417
4286	mya.martin84@example.com	jacques	04-23-95-07-90	F	t	f	\N	ВВ 0101 EH	D1	4	t	2014-03-02 13:29:02.458
4334	isla.marttila64@example.com	muscles	02-747-252	F	f	f	\N	\N	\N	0	t	2014-06-02 19:41:36.373
4289	océane.fleury14@example.com	jakejake	04-77-83-46-32	F	f	f	\N	\N	\N	0	t	2013-11-19 08:10:15.079
4288	maïwenn.gauthier25@example.com	darius	03-84-54-87-95	F	t	f	\N	СА 9891 DX	A1	3	t	2014-01-16 15:14:49.732
4290	louka.dupont55@example.com	pianoman	04-74-09-39-32	M	f	f	IO-24	\N	\N	4	t	2014-05-31 11:49:46.911
4291	célestin.noel41@example.com	scarface	01-32-94-78-83	M	f	f	happy housewives	\N	\N	0	t	2014-03-06 16:53:29.528
4292	lucien.robin54@example.com	savior	04-03-72-35-08	M	f	f	classB	\N	\N	0	t	2014-03-05 00:25:02.692
4293	samuel.dumont85@example.com	dogwood	02-50-63-42-28	M	f	f	IO-24	\N	\N	2	t	2013-11-20 21:17:35.728
4294	romain.renaud48@example.com	thesims	04-99-54-30-12	M	f	f	classB	\N	\N	2	t	2014-03-22 11:09:13.764
4295	elia.morin73@example.com	transfer	03-87-12-52-59	F	f	f	classB	\N	\N	0	t	2014-08-25 00:14:49.207
4296	ilan.dumont60@example.com	gorgeous	02-94-66-16-40	M	f	f	\N	\N	\N	3	t	2014-12-31 21:44:50.524
4297	pablo.thomas77@example.com	pounded	03-73-96-88-54	M	f	f	NaVi	\N	\N	2	t	2014-02-09 02:51:19.443
4335	siiri.mantyla98@example.com	chrissy	09-252-654	F	f	f	IO-24	\N	\N	2	t	2014-08-03 02:40:46.568
4336	eemeli.suomi41@example.com	taxman	04-391-198	M	f	f	happy housewives	\N	\N	3	t	2014-01-07 17:44:12.971
4337	aino.karvonen40@example.com	backbone	04-082-230	F	f	f	happy housewives	\N	\N	4	t	2014-07-11 21:30:09.256
4338	venla.leinonen41@example.com	smegma	03-166-104	F	f	f	classB	\N	\N	3	t	2014-11-28 13:08:06.616
4339	aatu.ranta31@example.com	565656	02-952-493	M	f	f	\N	\N	\N	1	t	2014-09-25 13:47:39.772
4340	aatu.aro86@example.com	retired	07-238-171	M	f	f	\N	\N	\N	2	t	2013-12-08 16:47:20.019
4341	konsta.lehtola68@example.com	oberon	06-504-222	M	f	f	\N	\N	\N	1	t	2014-08-18 02:12:01.772
4342	neea.makinen27@example.com	storage	03-258-441	F	f	f	\N	\N	\N	3	t	2014-03-18 05:58:32.527
4343	lotta.pesola85@example.com	1991	07-039-131	F	f	f	\N	\N	\N	1	t	2013-12-18 11:32:35.434
4344	ilona.joki90@example.com	inside	05-269-530	F	f	f	\N	\N	\N	2	t	2014-03-01 18:53:23.193
4345	linnea.ahonen70@example.com	redfish	05-485-504	F	f	f	\N	\N	\N	0	t	2014-10-04 13:52:17.867
4346	elli.hannula27@example.com	mercury1	07-674-186	F	f	f	\N	\N	\N	0	t	2014-08-19 22:41:07.547
4347	isla.mattila70@example.com	coke	08-358-937	F	f	f	\N	\N	\N	3	t	2014-08-16 03:11:44.602
4348	neea.nevala43@example.com	murphy	09-734-060	F	f	f	\N	\N	\N	4	t	2014-08-24 19:46:51.692
4349	roselie.spierenburg57@example.com	orion1	(981)-334-6171	F	f	f	\N	\N	\N	0	t	2014-09-30 12:20:53.987
4350	necla.wismans39@example.com	303030	(522)-497-9604	F	f	f	\N	\N	\N	2	t	2014-08-12 20:30:50.338
4351	ernst.osman46@example.com	454545	(609)-631-1939	M	f	t	\N	\N	\N	2	t	2014-01-27 05:15:16.052
4352	elia.bijvank96@example.com	calimero	(578)-745-6132	F	f	f	\N	\N	\N	1	t	2014-10-03 08:09:50.527
4353	sandia.lans99@example.com	music1	(319)-309-6235	F	f	f	\N	\N	\N	4	t	2014-02-06 04:30:29.857
4354	elin.van sprundel58@example.com	louise	(355)-613-5959	F	f	f	IO-24	\N	\N	2	t	2014-05-04 07:49:39.006
4355	zhen.paus20@example.com	teddybea	(336)-585-5388	M	f	f	\N	\N	\N	3	t	2013-12-11 04:51:33.797
4356	wybe.slegers40@example.com	poppop	(905)-216-2100	M	f	f	\N	\N	\N	4	t	2014-06-03 03:38:11.248
4357	güler.baarda97@example.com	dhip6a	(248)-223-7704	F	f	f	\N	\N	\N	4	t	2014-08-24 17:08:46.581
4358	jurriaan.van spijker87@example.com	1a2b3c	(383)-578-6525	M	f	f	TP	\N	\N	4	t	2014-08-26 17:19:12.446
4359	silvian.bruijn80@example.com	gsxr750	(950)-592-2068	M	f	f	\N	\N	\N	4	t	2015-02-08 19:25:56.222
4360	gilano.rebergen69@example.com	sharpe	(457)-953-8593	M	f	f	\N	\N	\N	1	t	2014-03-04 13:50:32.075
4361	ytsje.adelaar37@example.com	temple	(984)-482-9130	F	f	f	\N	\N	\N	1	t	2014-03-29 21:27:20.533
4363	shelina.roelfsema32@example.com	trooper	(267)-275-2970	F	f	f	\N	\N	\N	4	t	2014-01-05 00:04:21.061
4362	jocelyn.handgraaf96@example.com	mental	(989)-829-4853	F	t	f	classB	ВО 5187 SP	A, B	2	t	2014-06-24 03:29:49.109
4364	ilker.bots68@example.com	xxxxxxx	(618)-417-6016	M	f	f	\N	\N	\N	3	t	2015-03-24 13:09:26.528
4365	tryntsje.laagland94@example.com	celine	(199)-746-5030	F	f	f	\N	\N	\N	2	t	2015-03-29 07:09:32.734
4366	joy.kruijer84@example.com	washington	(416)-842-1524	M	f	f	\N	\N	\N	2	t	2014-06-01 09:08:52.591
4367	konstantinos.verstraaten40@example.com	aries	(453)-758-9717	M	f	f	\N	\N	\N	0	t	2014-12-25 16:16:48.116
4368	mirsad.goverde23@example.com	viking	(962)-904-8870	M	f	f	noname	\N	\N	4	t	2014-08-25 01:02:34.727
4369	manolito.lardinois75@example.com	1234567890	(873)-915-3388	M	f	f	\N	\N	\N	3	t	2015-02-02 21:31:31.968
4370	isabel.van der venne16@example.com	555555	(626)-675-9919	F	f	t	\N	\N	\N	4	t	2014-09-19 22:28:41.846
4371	yoël.bolhuis77@example.com	john	(599)-288-9772	M	f	f	\N	\N	\N	2	t	2014-04-05 23:19:47.961
4372	fahri.van ekeren79@example.com	hannibal	(742)-678-4740	M	f	f	TP	\N	\N	4	t	2015-02-20 11:41:16.718
4373	beyza.sap29@example.com	qiao	(831)-900-6038	F	f	f	\N	\N	\N	2	t	2014-12-26 00:56:07.497
4374	massimiliano.van den aker44@example.com	smiths	(452)-662-1825	M	f	f	\N	\N	\N	3	t	2015-03-12 11:44:20.638
4375	arend.nierop91@example.com	pppp	(772)-417-8747	M	f	f	\N	\N	\N	2	t	2013-12-15 00:26:20.216
4376	buğra.bik95@example.com	bluebird	(603)-133-1515	M	f	f	\N	\N	\N	0	t	2014-10-02 12:08:36.56
4377	caya.loo56@example.com	loser	(874)-402-3634	F	f	f	noname	\N	\N	2	t	2014-03-01 07:21:29.28
4378	jakub.tempelman23@example.com	kaiser	(587)-262-5339	M	f	f	happy housewives	\N	\N	2	t	2014-08-20 21:39:04.27
4379	reynaldo.yaşar72@example.com	smokin	(495)-912-2667	M	f	t	happy housewives	\N	\N	4	t	2014-11-27 22:12:09.867
4380	davide.hanegraaf94@example.com	angela	(433)-858-7624	M	f	f	noname	\N	\N	1	t	2014-04-16 19:13:49.574
4381	maudy.haagsma79@example.com	coke	(213)-246-1661	F	f	f	TP	\N	\N	4	t	2014-03-07 16:01:01.541
4382	danijela.profijt28@example.com	fuzzy	(763)-516-2713	F	f	f	\N	\N	\N	2	t	2014-01-25 11:34:30.018
4384	alfons.van den besselaar72@example.com	cessna	(548)-899-5535	M	f	f	\N	\N	\N	2	t	2014-09-26 15:33:11.315
4383	lemar.bosgoed88@example.com	puss	(711)-802-5040	M	t	f	\N	АЕ 3729 BS		3	t	2014-08-09 07:05:07.323
4385	tanika.van veenendaal24@example.com	avalon	(446)-751-4168	F	f	f	\N	\N	\N	3	t	2014-02-15 14:18:58.33
4386	steffany.horstman72@example.com	monday	(321)-906-6179	F	f	f	NaVi	\N	\N	4	t	2014-05-09 14:56:05.025
4387	djordy.van harten26@example.com	theforce	(652)-796-4304	M	f	f	\N	\N	\N	1	t	2014-04-03 05:05:50.039
4388	maatje.kolijn50@example.com	gators1	(124)-572-3808	F	f	f	\N	\N	\N	2	t	2014-09-12 04:03:47.731
4389	duy.otte18@example.com	jorge	(632)-104-5500	M	f	f	NaVi	\N	\N	3	t	2015-03-04 01:58:00.148
4390	zefanja.van der meijden82@example.com	wwww	(225)-812-4991	F	f	f	\N	\N	\N	1	t	2014-12-03 19:00:32.091
4391	şahin.van der meijden59@example.com	1226	(934)-945-6976	M	f	f	\N	\N	\N	2	t	2014-03-04 05:08:22.979
4392	jim.reijntjes90@example.com	a123456	(546)-546-8729	M	f	f	TP	\N	\N	1	t	2015-02-20 14:42:33.193
4393	ogün.van de kar65@example.com	hayley	(201)-374-1079	M	f	f	\N	\N	\N	0	t	2013-11-22 06:05:11.83
4394	joren.kuijt30@example.com	wolf359	(824)-731-1389	M	f	f	\N	\N	\N	2	t	2014-09-11 21:47:49.606
4395	taylor.hilkens15@example.com	wetter	(519)-155-8562	M	f	f	\N	\N	\N	3	t	2015-02-20 23:50:42.388
4396	brendan.van vlerken86@example.com	palermo	(648)-965-4198	M	f	t	\N	\N	\N	3	t	2014-11-26 13:47:45.135
4397	meint.dirven69@example.com	changeme	(405)-786-8620	M	f	f	happy housewives	\N	\N	1	t	2014-05-12 17:53:44.986
4398	farzana.eijpe23@example.com	compaq	(325)-351-6219	F	f	f	TP	\N	\N	1	t	2015-05-04 01:15:24.519
\.


--
-- Name: service_user_user_id_seq; Type: SEQUENCE SET; Schema: public; Owner: byte
--

SELECT pg_catalog.setval('service_user_user_id_seq', 4398, true);


--
-- Data for Name: taxi_order; Type: TABLE DATA; Schema: public; Owner: byte
--

COPY taxi_order (tracking_number, status, service, price, user_id, description, car_category, way_of_payment, driver_sex, ordered_date, arrive_date, end_date, music_style, animal_transportation, free_wifi, non_smoking_driver, air_conditioner, comment) FROM stdin;
1582	COMPLETED	SOBER_DRIVER	16.40	4282		BUSINESS_CLASS	VISA_CARD	F	2014-05-01 09:24:41.802	2014-05-01 21:37:53.961	2014-05-01 23:01:48.059	DANCE_MUSIC	t	\N	f	f	\N
1583	COMPLETED	CARGO_TAXI	2.80	4278	I shall be drunk	BUSINESS_CLASS	VISA_CARD	M	2015-05-05 10:17:47.291	2015-05-06 09:24:50.284	2015-05-06 21:15:39.052	DANCE_MUSIC	t	\N	f	f	\N
1584	COMPLETED	FOODSTUFF_DELIVERY	23.91	4280		VAN	CASH	F	2014-08-13 01:35:05.904	2014-08-13 20:03:17.073	2014-08-13 22:19:07.942	HIP_HOP	f	\N	f	f	Thank you for the service you are best :)
1585	COMPLETED	CONVEY_CORPORATION_EMPLOYEES	41.15	4273		ECONOMY_CLASS	CASH	M	2014-11-02 06:25:27.368	2014-11-02 09:38:10.322	2014-11-03 05:56:11.068	ROCK	t	\N	t	t	\N
1586	COMPLETED	TAXI_FOR_LONG_TERM	29.67	4284		ECONOMY_CLASS	VISA_CARD	F	2014-05-21 15:20:14.809	2014-05-21 17:26:44.813	2014-05-22 13:46:09.844	BLUES	t	\N	t	t	\N
1587	COMPLETED	CARGO_TAXI	46.32	4283		VAN	VISA_CARD	F	2015-01-19 11:28:04.873	2015-01-19 11:45:19.612	2015-01-19 16:48:41.656	HIP_HOP	f	\N	f	f	\N
1588	COMPLETED	CELEBRATION_TAXI	7.30	4272		BUSINESS_CLASS	CASH	M	2014-12-03 23:19:57.201	2014-12-04 16:15:01.909	2014-12-04 22:43:00.821	ROCK	t	\N	f	f	\N
1589	COMPLETED	SIMPLE_TAXI	4.38	4289		BUSINESS_CLASS	CASH	M	2013-11-30 07:33:41.417	2013-12-01 03:46:19.831	2013-12-01 12:27:19.141	BLUES	t	\N	f	f	\N
1590	COMPLETED	TAXI_FOR_LONG_TERM	42.65	4284	I hasten	VAN	CASH	F	2014-06-02 02:23:08.08	2014-06-02 03:18:40.377	2014-06-02 13:50:54.412	ROCK	f	\N	f	f	\N
1591	COMPLETED	MEET_MY_GUEST	30.47	4271	I hasten	BUSINESS_CLASS	VISA_CARD	M	2014-11-16 23:04:52.81	2014-11-17 12:00:53.758	2014-11-17 21:18:48.09	BLUES	t	\N	f	f	\N
1592	ASSIGNED	FOODSTUFF_DELIVERY	\N	4279		VAN	\N	M	2014-12-19 12:32:17.13	2014-12-19 22:09:15.812	2014-12-20 13:46:31.956	ROCK	f	\N	f	f	\N
1593	COMPLETED	SOBER_DRIVER	26.59	4283		ECONOMY_CLASS	CASH	F	2015-01-10 14:47:08.973	2015-01-11 00:17:41.048	2015-01-11 17:17:11.731	HIP_HOP	t	\N	t	t	\N
1594	REFUSED	CONVEY_CORPORATION_EMPLOYEES	\N	4284	be punctual	VAN	\N	M	2014-05-27 01:59:33.843	2014-05-27 14:16:23.54	2014-05-28 11:25:22.434	DEFAULT	f	\N	f	f	\N
1595	COMPLETED	CONVEY_CORPORATION_EMPLOYEES	38.62	4292		ECONOMY_CLASS	CASH	F	2014-03-16 17:42:29.09	2014-03-17 07:17:10.021	2014-03-17 14:09:39.575	DANCE_MUSIC	t	\N	t	t	Thank you for the service you are best :)
1596	QUEUED	GUEST_DELIVERY	\N	4274		VAN	\N	F	2014-05-27 21:28:06.902	2014-05-28 07:38:52.557	2014-05-29 05:21:51.966	DEFAULT	f	\N	f	f	\N
1597	COMPLETED	SOBER_DRIVER	54.81	4298		ECONOMY_CLASS	VISA_CARD	M	2014-10-07 07:23:56.995	2014-10-07 08:10:03.903	2014-10-08 02:56:35.787	ROCK	t	\N	t	t	\N
1598	COMPLETED	CONVEY_CORPORATION_EMPLOYEES	8.28	4275		ECONOMY_CLASS	CASH	F	1970-01-01 17:17:26.9	1970-01-02 17:13:58.603	1970-01-03 04:26:55.136	ROCK	t	\N	t	t	\N
1599	COMPLETED	TAXI_FOR_LONG_TERM	21.96	4290	I shall be drunk	ECONOMY_CLASS	CASH	F	2014-06-03 03:33:56.241	2014-06-03 11:10:31.136	2014-06-03 12:16:27.905	DANCE_MUSIC	t	\N	t	t	\N
1600	COMPLETED	MEET_MY_GUEST	48.24	4269		BUSINESS_CLASS	VISA_CARD	F	2014-03-04 13:48:34.474	2014-03-05 11:53:37.08	2014-03-06 10:27:35.47	DANCE_MUSIC	t	\N	f	f	\N
1601	UPDATED	CONVEY_CORPORATION_EMPLOYEES	\N	4275	I shall be drunk	VAN	\N	F	1970-01-05 16:51:12.836	1970-01-05 21:47:52.712	1970-01-05 23:11:12.967	ELECTRONIC_MUSIC	f	\N	f	f	\N
1602	COMPLETED	GUEST_DELIVERY	22.27	4280	I shall be drunk	VAN	VISA_CARD	M	2014-08-18 00:22:47.435	2014-08-18 22:32:25.838	2014-08-19 18:51:45.866	DEFAULT	f	\N	f	f	\N
1603	COMPLETED	CONVEY_CORPORATION_EMPLOYEES	7.31	4280		ECONOMY_CLASS	VISA_CARD	F	2014-08-20 13:13:20.476	2014-08-21 07:05:12.124	2014-08-21 07:30:33.34	JAZZ	t	\N	t	t	\N
1604	COMPLETED	FOODSTUFF_DELIVERY	54.62	4286	be punctual	VAN	CASH	F	2014-03-04 03:05:17.508	2014-03-04 14:33:01.964	2014-03-05 04:45:15.66	HIP_HOP	f	\N	f	f	\N
1605	COMPLETED	MEET_MY_GUEST	0.96	4298	I shall be drunk	ECONOMY_CLASS	CASH	F	2014-10-07 13:03:26.323	2014-10-07 19:17:44.084	2014-10-08 12:42:09.8	JAZZ	t	\N	t	t	\N
1606	COMPLETED	CONVEY_CORPORATION_EMPLOYEES	41.83	4289		VAN	VISA_CARD	F	2013-12-05 19:08:56.164	2013-12-06 03:39:52.494	2013-12-06 17:51:15.54	CLASSICAL_MUSIC	f	\N	f	f	\N
1607	COMPLETED	SIMPLE_TAXI	52.79	4275		BUSINESS_CLASS	CASH	M	2015-05-07 03:40:01.836	2015-05-07 20:34:33.99	2015-05-08 09:14:09.02	DANCE_MUSIC	t	\N	f	f	\N
1608	COMPLETED	CELEBRATION_TAXI	27.30	4341		ECONOMY_CLASS	CASH	M	2014-08-23 03:06:27.275	2014-08-23 03:28:37.19	2014-08-23 10:27:20.723	CLASSICAL_MUSIC	t	\N	t	t	\N
1609	ASSIGNED	TAXI_FOR_LONG_TERM	\N	4282		ECONOMY_CLASS	\N	M	2014-05-02 11:58:16.753	2014-05-03 07:26:03.162	\N	DEFAULT	t	\N	t	t	\N
1610	COMPLETED	CONVEY_CORPORATION_EMPLOYEES	9.59	4273		VAN	CASH	M	2014-11-08 07:54:35.843	2014-11-09 07:25:16.443	2014-11-09 22:49:37.53	DANCE_MUSIC	f	\N	t	t	\N
1611	COMPLETED	CONVEY_CORPORATION_EMPLOYEES	43.55	4273		ECONOMY_CLASS	CASH	F	2014-11-06 14:10:08.303	2014-11-07 03:40:51.812	2014-11-08 02:45:21.481	JAZZ	t	\N	f	f	It's best driver in world!
1612	IN_PROGRESS	FOODSTUFF_DELIVERY	\N	4321		ECONOMY_CLASS	\N	M	2014-09-22 20:05:41.253	2014-09-22 23:53:43.364	\N	JAZZ	t	\N	t	t	\N
1613	COMPLETED	MEET_MY_GUEST	37.50	4276		BUSINESS_CLASS	CASH	F	2014-03-21 10:01:29.903	2014-03-21 14:53:28.929	2014-03-21 18:09:06.063	CLASSICAL_MUSIC	t	\N	f	f	\N
1614	COMPLETED	SIMPLE_TAXI	19.50	4279		ECONOMY_CLASS	VISA_CARD	M	2014-12-09 14:22:53.681	2014-12-10 11:22:51.816	2014-12-11 04:23:43.954	ROCK	t	\N	t	t	\N
1615	COMPLETED	CARGO_TAXI	43.37	4306		VAN	CASH	M	2013-12-05 13:24:17.639	2013-12-05 22:34:55.225	2013-12-06 09:20:25.793	CLASSICAL_MUSIC	f	\N	t	t	\N
1616	QUEUED	SOBER_DRIVER	\N	4288		VAN	\N	F	2014-01-30 11:39:45.148	2014-01-31 05:02:57.037	\N	ELECTRONIC_MUSIC	f	\N	f	f	\N
1617	COMPLETED	MEET_MY_GUEST	33.79	4302		VAN	VISA_CARD	M	2015-01-14 02:58:28.061	2015-01-15 00:03:12.567	2015-01-15 21:06:45.034	ELECTRONIC_MUSIC	f	\N	f	f	\N
1618	COMPLETED	FOODSTUFF_DELIVERY	23.30	4297	I shall be drunk	ECONOMY_CLASS	VISA_CARD	F	2014-02-14 14:53:33.785	2014-02-15 04:20:26.994	2014-02-15 23:20:38.193	CLASSICAL_MUSIC	t	\N	t	t	\N
1619	COMPLETED	SIMPLE_TAXI	7.48	4330	be punctual	BUSINESS_CLASS	VISA_CARD	F	2014-09-17 03:21:10.955	2014-09-17 12:40:23.091	2014-09-17 14:23:44.69	HIP_HOP	t	\N	f	f	\N
1620	COMPLETED	GUEST_DELIVERY	19.81	4294		ECONOMY_CLASS	CASH	M	2014-04-01 16:44:23.852	2014-04-02 08:40:37.066	2014-04-03 00:32:02.634	CLASSICAL_MUSIC	t	\N	f	f	\N
1621	REFUSED	SOBER_DRIVER	\N	4324		ECONOMY_CLASS	\N	F	2013-11-24 13:16:53.693	2013-11-25 09:27:01.878	\N	DANCE_MUSIC	t	\N	t	t	\N
1622	COMPLETED	TAXI_FOR_LONG_TERM	32.91	4341		VAN	CASH	F	2014-08-26 16:27:57.286	2014-08-27 00:47:26.572	2014-08-27 22:25:19.256	CLASSICAL_MUSIC	f	\N	t	t	\N
1623	COMPLETED	MEET_MY_GUEST	10.70	4304	I shall be drunk	ECONOMY_CLASS	CASH	F	2014-09-16 20:55:54.761	2014-09-17 19:00:30.939	2014-09-18 04:54:50.382	CLASSICAL_MUSIC	t	\N	f	f	\N
1624	IN_PROGRESS	CELEBRATION_TAXI	\N	4274	be punctual	ECONOMY_CLASS	\N	F	2014-06-08 05:10:35.969	2014-06-08 18:23:15.411	\N	CLASSICAL_MUSIC	t	\N	t	t	\N
1625	COMPLETED	SIMPLE_TAXI	55.78	4340		BUSINESS_CLASS	VISA_CARD	M	2013-12-15 06:04:16.395	2013-12-15 14:14:58.397	2013-12-16 01:09:13.376	DEFAULT	t	\N	f	f	\N
1626	COMPLETED	CARGO_TAXI	32.42	4287		BUSINESS_CLASS	VISA_CARD	M	2014-03-28 20:25:12.131	2014-03-29 10:51:22.371	2014-03-30 06:48:22.199	ELECTRONIC_MUSIC	t	\N	f	f	\N
1627	COMPLETED	SIMPLE_TAXI	9.82	4302		VAN	VISA_CARD	F	2015-01-10 16:14:36.148	2015-01-11 00:04:54.837	2015-01-11 02:18:46.382	DANCE_MUSIC	f	\N	t	t	\N
1628	REFUSED	CONVEY_CORPORATION_EMPLOYEES	\N	4273		VAN	\N	F	2014-10-31 01:23:53.819	2014-10-31 06:01:21.896	\N	HIP_HOP	f	\N	t	t	\N
1629	COMPLETED	CONVEY_CORPORATION_EMPLOYEES	35.32	4331	I hasten	ECONOMY_CLASS	CASH	F	2014-10-25 19:53:14.91	2014-10-25 21:06:21.791	2014-10-26 12:05:21.665	DEFAULT	t	\N	f	f	\N
1630	REFUSED	GUEST_DELIVERY	\N	4346		VAN	\N	M	2014-08-21 06:44:17.561	2014-08-22 02:24:02.967	\N	JAZZ	f	\N	f	f	\N
1631	COMPLETED	TAXI_FOR_LONG_TERM	56.44	4331		VAN	CASH	M	2014-10-22 03:49:11.854	2014-10-22 20:15:33.841	2014-10-23 04:06:05.344	ROCK	f	\N	t	t	\N
1632	COMPLETED	FOODSTUFF_DELIVERY	23.44	4336		ECONOMY_CLASS	CASH	M	2014-01-10 12:18:19.708	2014-01-11 00:12:42.324	2014-01-11 12:28:04.431	ELECTRONIC_MUSIC	t	\N	t	t	\N
1633	COMPLETED	FOODSTUFF_DELIVERY	46.90	4319		ECONOMY_CLASS	VISA_CARD	F	2014-05-09 11:23:45.318	2014-05-09 20:21:45.572	2014-05-10 13:57:39.73	CLASSICAL_MUSIC	t	\N	t	t	\N
1634	COMPLETED	TAXI_FOR_LONG_TERM	8.11	4289		BUSINESS_CLASS	CASH	F	2013-12-06 07:47:09.926	2013-12-07 06:18:14.163	2013-12-07 11:32:29.852	DEFAULT	t	\N	f	f	\N
1635	COMPLETED	CARGO_TAXI	23.50	4273		ECONOMY_CLASS	CASH	F	2014-10-25 00:23:22.011	2014-10-25 20:13:06.287	2014-10-26 00:35:57.689	CLASSICAL_MUSIC	t	\N	t	t	\N
1636	COMPLETED	MEET_MY_GUEST	52.34	4318		VAN	CASH	F	2014-09-01 11:20:33.5	2014-09-01 21:03:21.103	2014-09-02 03:12:39.396	ROCK	f	\N	f	f	\N
\.


--
-- Data for Name: taxi_order_item; Type: TABLE DATA; Schema: public; Owner: byte
--

COPY taxi_order_item (taxi_item_id, tracking_numer, path, ordered_quantity, driver_id) FROM stdin;
1578	1582	\\xaced00057372001f6f72672e706f737467726573716c2e67656f6d65747269632e504770617468194f8298e512652b0200025a00046f70656e5b0006706f696e74737400235b4c6f72672f706f737467726573716c2f67656f6d65747269632f5047706f696e743b7872001c6f72672e706f737467726573716c2e7574696c2e50476f626a656374f903de2682bdcb3b0200024c0004747970657400124c6a6176612f6c616e672f537472696e673b4c000576616c756571007e00037870740004706174687001757200235b4c6f72672e706f737467726573716c2e67656f6d65747269632e5047706f696e743bc568ec0b996632d202000078700000000570737200206f72672e706f737467726573716c2e67656f6d65747269632e5047706f696e740344df957cda498f02000244000178440001797871007e0002740005706f696e7470403e6793a7e810f640493b6cf271a2027371007e000871007e000a70403e910a5d5113ef4049333bdb78613b7371007e000871007e000a70403e86d556df09e64049308adeebb3437371007e000871007e000a70403e85d9f4d37c11404932c6de76427c	1.0	4286
1579	1583	\\xaced00057372001f6f72672e706f737467726573716c2e67656f6d65747269632e504770617468194f8298e512652b0200025a00046f70656e5b0006706f696e74737400235b4c6f72672f706f737467726573716c2f67656f6d65747269632f5047706f696e743b7872001c6f72672e706f737467726573716c2e7574696c2e50476f626a656374f903de2682bdcb3b0200024c0004747970657400124c6a6176612f6c616e672f537472696e673b4c000576616c756571007e00037870740004706174687001757200235b4c6f72672e706f737467726573716c2e67656f6d65747269632e5047706f696e743bc568ec0b996632d2020000787000000004737200206f72672e706f737467726573716c2e67656f6d65747269632e5047706f696e740344df957cda498f02000244000178440001797871007e0002740005706f696e7470403e5d85f06f694440493844d87724fb7371007e000871007e000a70403e9ee61f8429c640493814529d5bc67371007e000871007e000a70403eb2442f03f98740493079dd3bafd97371007e000871007e000a70403e8385b76485bc40493a4af922962d	1.0	4276
1580	1584	\\xaced00057372001f6f72672e706f737467726573716c2e67656f6d65747269632e504770617468194f8298e512652b0200025a00046f70656e5b0006706f696e74737400235b4c6f72672f706f737467726573716c2f67656f6d65747269632f5047706f696e743b7872001c6f72672e706f737467726573716c2e7574696c2e50476f626a656374f903de2682bdcb3b0200024c0004747970657400124c6a6176612f6c616e672f537472696e673b4c000576616c756571007e00037870740004706174687001757200235b4c6f72672e706f737467726573716c2e67656f6d65747269632e5047706f696e743bc568ec0b996632d2020000787000000005737200206f72672e706f737467726573716c2e67656f6d65747269632e5047706f696e740344df957cda498f02000244000178440001797871007e0002740005706f696e7470403e5b5912c0cce440493cdab9f559b27371007e000871007e000a70403e6fc2b94d9408404937069a4df4807371007e000871007e000a70403e7e6768c4e57840493b6757272e427371007e000871007e000a70403ea76d52e9b1e0404938847b24638d7371007e000871007e000a70403e99cced83fc794049376c1adb4d99	1.0	4286
1581	1585	\\xaced00057372001f6f72672e706f737467726573716c2e67656f6d65747269632e504770617468194f8298e512652b0200025a00046f70656e5b0006706f696e74737400235b4c6f72672f706f737467726573716c2f67656f6d65747269632f5047706f696e743b7872001c6f72672e706f737467726573716c2e7574696c2e50476f626a656374f903de2682bdcb3b0200024c0004747970657400124c6a6176612f6c616e672f537472696e673b4c000576616c756571007e00037870740004706174687001757200235b4c6f72672e706f737467726573716c2e67656f6d65747269632e5047706f696e743bc568ec0b996632d2020000787000000004737200206f72672e706f737467726573716c2e67656f6d65747269632e5047706f696e740344df957cda498f02000244000178440001797871007e0002740005706f696e7470403e6102dc53528d40493b2778140dd47371007e000871007e000a70403e76e7d7144e6c404948c3b927d45a7371007e000871007e000a70403ead70d62bf1204049343ed959a30a7371007e000871007e000a70403e799fb1e18efc404939f0fe047d3d	1.0	4276
1582	1586	\\xaced00057372001f6f72672e706f737467726573716c2e67656f6d65747269632e504770617468194f8298e512652b0200025a00046f70656e5b0006706f696e74737400235b4c6f72672f706f737467726573716c2f67656f6d65747269632f5047706f696e743b7872001c6f72672e706f737467726573716c2e7574696c2e50476f626a656374f903de2682bdcb3b0200024c0004747970657400124c6a6176612f6c616e672f537472696e673b4c000576616c756571007e00037870740004706174687001757200235b4c6f72672e706f737467726573716c2e67656f6d65747269632e5047706f696e743bc568ec0b996632d2020000787000000002737200206f72672e706f737467726573716c2e67656f6d65747269632e5047706f696e740344df957cda498f02000244000178440001797871007e0002740005706f696e7470403e72d2b7c858ca40494229d8409e547371007e000871007e000a70403e776d2094cafe40493a1b29513222	1.0	4286
1583	1587	\\xaced00057372001f6f72672e706f737467726573716c2e67656f6d65747269632e504770617468194f8298e512652b0200025a00046f70656e5b0006706f696e74737400235b4c6f72672f706f737467726573716c2f67656f6d65747269632f5047706f696e743b7872001c6f72672e706f737467726573716c2e7574696c2e50476f626a656374f903de2682bdcb3b0200024c0004747970657400124c6a6176612f6c616e672f537472696e673b4c000576616c756571007e00037870740004706174687001757200235b4c6f72672e706f737467726573716c2e67656f6d65747269632e5047706f696e743bc568ec0b996632d2020000787000000004737200206f72672e706f737467726573716c2e67656f6d65747269632e5047706f696e740344df957cda498f02000244000178440001797871007e0002740005706f696e7470403e763db71ab3de40493e4ef88b97787371007e000871007e000a70403e586a7d4c5bf940493d71b8aa00197371007e000871007e000a70403e99bcd8630305404940be7afa72227371007e000871007e000a70403ea35e74299d884049377c1bda5118	1.0	4288
1584	1588	\\xaced00057372001f6f72672e706f737467726573716c2e67656f6d65747269632e504770617468194f8298e512652b0200025a00046f70656e5b0006706f696e74737400235b4c6f72672f706f737467726573716c2f67656f6d65747269632f5047706f696e743b7872001c6f72672e706f737467726573716c2e7574696c2e50476f626a656374f903de2682bdcb3b0200024c0004747970657400124c6a6176612f6c616e672f537472696e673b4c000576616c756571007e00037870740004706174687001757200235b4c6f72672e706f737467726573716c2e67656f6d65747269632e5047706f696e743bc568ec0b996632d2020000787000000003737200206f72672e706f737467726573716c2e67656f6d65747269632e5047706f696e740344df957cda498f02000244000178440001797871007e0002740005706f696e7470403e8d46653f1efa4049353fa6083ce57371007e000871007e000a70403e90c1b6185561404935e89a88ace27371007e000871007e000a70403e99beafd397c24049391758e21965	1.0	4276
1603	1607	\\xaced00057372001f6f72672e706f737467726573716c2e67656f6d65747269632e504770617468194f8298e512652b0200025a00046f70656e5b0006706f696e74737400235b4c6f72672f706f737467726573716c2f67656f6d65747269632f5047706f696e743b7872001c6f72672e706f737467726573716c2e7574696c2e50476f626a656374f903de2682bdcb3b0200024c0004747970657400124c6a6176612f6c616e672f537472696e673b4c000576616c756571007e00037870740004706174687001757200235b4c6f72672e706f737467726573716c2e67656f6d65747269632e5047706f696e743bc568ec0b996632d2020000787000000003737200206f72672e706f737467726573716c2e67656f6d65747269632e5047706f696e740344df957cda498f02000244000178440001797871007e0002740005706f696e7470403ead12231832fd4049340ce0b912dc7371007e000871007e000a70403e9f1ceaf251c24049361f42bb66737371007e000871007e000a70403e7110aea3ecda40493634fc610f0f	1.0	4276
1604	1608	\\xaced00057372001f6f72672e706f737467726573716c2e67656f6d65747269632e504770617468194f8298e512652b0200025a00046f70656e5b0006706f696e74737400235b4c6f72672f706f737467726573716c2f67656f6d65747269632f5047706f696e743b7872001c6f72672e706f737467726573716c2e7574696c2e50476f626a656374f903de2682bdcb3b0200024c0004747970657400124c6a6176612f6c616e672f537472696e673b4c000576616c756571007e00037870740004706174687001757200235b4c6f72672e706f737467726573716c2e67656f6d65747269632e5047706f696e743bc568ec0b996632d2020000787000000003737200206f72672e706f737467726573716c2e67656f6d65747269632e5047706f696e740344df957cda498f02000244000178440001797871007e0002740005706f696e7470403ea4c1c3844eac40493bacd83abf197371007e000871007e000a70403e80b059cf7f2f404933559b3d07c87371007e000871007e000a70403e830f3882278d40493bbf1e8e6080	1.0	4325
1605	1609	\\xaced00057372001f6f72672e706f737467726573716c2e67656f6d65747269632e504770617468194f8298e512652b0200025a00046f70656e5b0006706f696e74737400235b4c6f72672f706f737467726573716c2f67656f6d65747269632f5047706f696e743b7872001c6f72672e706f737467726573716c2e7574696c2e50476f626a656374f903de2682bdcb3b0200024c0004747970657400124c6a6176612f6c616e672f537472696e673b4c000576616c756571007e00037870740004706174687001757200235b4c6f72672e706f737467726573716c2e67656f6d65747269632e5047706f696e743bc568ec0b996632d2020000787000000002737200206f72672e706f737467726573716c2e67656f6d65747269632e5047706f696e740344df957cda498f02000244000178440001797871007e0002740005706f696e7470403e7eabbe5f4bc04049310d6b228dca7371007e000871007e000a70403e706bab49c54640493ec4eeb1f9e3	1.0	4325
1606	1610	\\xaced00057372001f6f72672e706f737467726573716c2e67656f6d65747269632e504770617468194f8298e512652b0200025a00046f70656e5b0006706f696e74737400235b4c6f72672f706f737467726573716c2f67656f6d65747269632f5047706f696e743b7872001c6f72672e706f737467726573716c2e7574696c2e50476f626a656374f903de2682bdcb3b0200024c0004747970657400124c6a6176612f6c616e672f537472696e673b4c000576616c756571007e00037870740004706174687001757200235b4c6f72672e706f737467726573716c2e67656f6d65747269632e5047706f696e743bc568ec0b996632d2020000787000000003737200206f72672e706f737467726573716c2e67656f6d65747269632e5047706f696e740344df957cda498f02000244000178440001797871007e0002740005706f696e7470403e7b1a9e10f79f40493581d7dbf4887371007e000871007e000a70403e9a33482be8bc40493e6b7aa25d8d7371007e000871007e000a70403e9dc7ffde720e4049392cbea4ebdd	1.0	4276
1607	1611	\\xaced00057372001f6f72672e706f737467726573716c2e67656f6d65747269632e504770617468194f8298e512652b0200025a00046f70656e5b0006706f696e74737400235b4c6f72672f706f737467726573716c2f67656f6d65747269632f5047706f696e743b7872001c6f72672e706f737467726573716c2e7574696c2e50476f626a656374f903de2682bdcb3b0200024c0004747970657400124c6a6176612f6c616e672f537472696e673b4c000576616c756571007e00037870740004706174687001757200235b4c6f72672e706f737467726573716c2e67656f6d65747269632e5047706f696e743bc568ec0b996632d2020000787000000002737200206f72672e706f737467726573716c2e67656f6d65747269632e5047706f696e740344df957cda498f02000244000178440001797871007e0002740005706f696e7470403e9a1d8622c45040493e16bdb1a6d770	1.0	4288
1608	1612	\\xaced00057372001f6f72672e706f737467726573716c2e67656f6d65747269632e504770617468194f8298e512652b0200025a00046f70656e5b0006706f696e74737400235b4c6f72672f706f737467726573716c2f67656f6d65747269632f5047706f696e743b7872001c6f72672e706f737467726573716c2e7574696c2e50476f626a656374f903de2682bdcb3b0200024c0004747970657400124c6a6176612f6c616e672f537472696e673b4c000576616c756571007e00037870740004706174687001757200235b4c6f72672e706f737467726573716c2e67656f6d65747269632e5047706f696e743bc568ec0b996632d2020000787000000002737200206f72672e706f737467726573716c2e67656f6d65747269632e5047706f696e740344df957cda498f02000244000178440001797871007e0002740005706f696e7470403ea194c016052540493db15b573eab7371007e000871007e000a70403ead56cff06dbc40492eaf1cb89d6b	1.0	4276
1609	1613	\\xaced00057372001f6f72672e706f737467726573716c2e67656f6d65747269632e504770617468194f8298e512652b0200025a00046f70656e5b0006706f696e74737400235b4c6f72672f706f737467726573716c2f67656f6d65747269632f5047706f696e743b7872001c6f72672e706f737467726573716c2e7574696c2e50476f626a656374f903de2682bdcb3b0200024c0004747970657400124c6a6176612f6c616e672f537472696e673b4c000576616c756571007e00037870740004706174687001757200235b4c6f72672e706f737467726573716c2e67656f6d65747269632e5047706f696e743bc568ec0b996632d2020000787000000004737200206f72672e706f737467726573716c2e67656f6d65747269632e5047706f696e740344df957cda498f02000244000178440001797871007e0002740005706f696e7470403e85fd8adab9f54049399ce075f6fd7371007e000871007e000a70403e6102dc53528d40493b2778140dd47070	1.0	4303
1610	1614	\\xaced00057372001f6f72672e706f737467726573716c2e67656f6d65747269632e504770617468194f8298e512652b0200025a00046f70656e5b0006706f696e74737400235b4c6f72672f706f737467726573716c2f67656f6d65747269632f5047706f696e743b7872001c6f72672e706f737467726573716c2e7574696c2e50476f626a656374f903de2682bdcb3b0200024c0004747970657400124c6a6176612f6c616e672f537472696e673b4c000576616c756571007e00037870740004706174687001757200235b4c6f72672e706f737467726573716c2e67656f6d65747269632e5047706f696e743bc568ec0b996632d202000078700000000570737200206f72672e706f737467726573716c2e67656f6d65747269632e5047706f696e740344df957cda498f02000244000178440001797871007e0002740005706f696e7470403e99d95f82469440493d5c5b4aa971707070	1.0	4325
1611	1615	\\xaced00057372001f6f72672e706f737467726573716c2e67656f6d65747269632e504770617468194f8298e512652b0200025a00046f70656e5b0006706f696e74737400235b4c6f72672f706f737467726573716c2f67656f6d65747269632f5047706f696e743b7872001c6f72672e706f737467726573716c2e7574696c2e50476f626a656374f903de2682bdcb3b0200024c0004747970657400124c6a6176612f6c616e672f537472696e673b4c000576616c756571007e00037870740004706174687001757200235b4c6f72672e706f737467726573716c2e67656f6d65747269632e5047706f696e743bc568ec0b996632d2020000787000000002737200206f72672e706f737467726573716c2e67656f6d65747269632e5047706f696e740344df957cda498f02000244000178440001797871007e0002740005706f696e7470403e6c1c8a7a41e540493bf44e1b16067371007e000871007e000a70403e6e4d3bf2f55640493cfa7221858a	1.0	4276
1612	1616	\\xaced00057372001f6f72672e706f737467726573716c2e67656f6d65747269632e504770617468194f8298e512652b0200025a00046f70656e5b0006706f696e74737400235b4c6f72672f706f737467726573716c2f67656f6d65747269632f5047706f696e743b7872001c6f72672e706f737467726573716c2e7574696c2e50476f626a656374f903de2682bdcb3b0200024c0004747970657400124c6a6176612f6c616e672f537472696e673b4c000576616c756571007e00037870740004706174687001757200235b4c6f72672e706f737467726573716c2e67656f6d65747269632e5047706f696e743bc568ec0b996632d2020000787000000005737200206f72672e706f737467726573716c2e67656f6d65747269632e5047706f696e740344df957cda498f02000244000178440001797871007e0002740005706f696e7470403e79269c4bfb8140493f1271f28ba37371007e000871007e000a70403e72385404641340493dc7ffde720f7371007e000871007e000a70403eafc1eff9f87f40492f843c3a42f37371007e000871007e000a70403e81ab78bf2e7f4049327607c419a17371007e000871007e000a70403e8768f08461fa40492f94185058de	1.0	4303
1613	1617	\\xaced00057372001f6f72672e706f737467726573716c2e67656f6d65747269632e504770617468194f8298e512652b0200025a00046f70656e5b0006706f696e74737400235b4c6f72672f706f737467726573716c2f67656f6d65747269632f5047706f696e743b7872001c6f72672e706f737467726573716c2e7574696c2e50476f626a656374f903de2682bdcb3b0200024c0004747970657400124c6a6176612f6c616e672f537472696e673b4c000576616c756571007e00037870740004706174687001757200235b4c6f72672e706f737467726573716c2e67656f6d65747269632e5047706f696e743bc568ec0b996632d2020000787000000005737200206f72672e706f737467726573716c2e67656f6d65747269632e5047706f696e740344df957cda498f02000244000178440001797871007e0002740005706f696e7470403e7f09d8c6d6134049340daae36df97371007e000871007e000a70403e701bfa3189e64049358e5c4eb5707371007e000871007e000a70403e71b8dc55000d404936a4e379b77c7070	1.0	4276
1585	1589	\\xaced00057372001f6f72672e706f737467726573716c2e67656f6d65747269632e504770617468194f8298e512652b0200025a00046f70656e5b0006706f696e74737400235b4c6f72672f706f737467726573716c2f67656f6d65747269632f5047706f696e743b7872001c6f72672e706f737467726573716c2e7574696c2e50476f626a656374f903de2682bdcb3b0200024c0004747970657400124c6a6176612f6c616e672f537472696e673b4c000576616c756571007e00037870740004706174687001757200235b4c6f72672e706f737467726573716c2e67656f6d65747269632e5047706f696e743bc568ec0b996632d2020000787000000003737200206f72672e706f737467726573716c2e67656f6d65747269632e5047706f696e740344df957cda498f02000244000178440001797871007e0002740005706f696e7470403e7267b79f3e1e40494096dc4ff78f7371007e000871007e000a70403e7d973d9ec70040494211daf3d6fb7371007e000871007e000a70403e7c2d79b5ce844049347d5ed06fef	1.0	4276
1586	1590	\\xaced00057372001f6f72672e706f737467726573716c2e67656f6d65747269632e504770617468194f8298e512652b0200025a00046f70656e5b0006706f696e74737400235b4c6f72672f706f737467726573716c2f67656f6d65747269632f5047706f696e743b7872001c6f72672e706f737467726573716c2e7574696c2e50476f626a656374f903de2682bdcb3b0200024c0004747970657400124c6a6176612f6c616e672f537472696e673b4c000576616c756571007e00037870740004706174687001757200235b4c6f72672e706f737467726573716c2e67656f6d65747269632e5047706f696e743bc568ec0b996632d2020000787000000005737200206f72672e706f737467726573716c2e67656f6d65747269632e5047706f696e740344df957cda498f02000244000178440001797871007e0002740005706f696e7470403e9f81d62e755e40493a005c4651f47371007e000871007e000a70403e847b7698e3914049398bf7f067047371007e000871007e000a70403e7bd68405b39e40493e1aa3f034b17371007e000871007e000a70403e7db8546fc3dd404939dd7ecbb7fa7371007e000871007e000a70403ea2fd75e2046c40493797dd00f775	1.0	4288
1587	1591	\\xaced00057372001f6f72672e706f737467726573716c2e67656f6d65747269632e504770617468194f8298e512652b0200025a00046f70656e5b0006706f696e74737400235b4c6f72672f706f737467726573716c2f67656f6d65747269632f5047706f696e743b7872001c6f72672e706f737467726573716c2e7574696c2e50476f626a656374f903de2682bdcb3b0200024c0004747970657400124c6a6176612f6c616e672f537472696e673b4c000576616c756571007e00037870740004706174687001757200235b4c6f72672e706f737467726573716c2e67656f6d65747269632e5047706f696e743bc568ec0b996632d2020000787000000002737200206f72672e706f737467726573716c2e67656f6d65747269632e5047706f696e740344df957cda498f02000244000178440001797871007e0002740005706f696e7470403e7bd512ec6bcf404935fd36f7e3d07371007e000871007e000a70403e7d8c3b0c4589404939253543aeab	1.0	4276
1588	1592	\\xaced00057372001f6f72672e706f737467726573716c2e67656f6d65747269632e504770617468194f8298e512652b0200025a00046f70656e5b0006706f696e74737400235b4c6f72672f706f737467726573716c2f67656f6d65747269632f5047706f696e743b7872001c6f72672e706f737467726573716c2e7574696c2e50476f626a656374f903de2682bdcb3b0200024c0004747970657400124c6a6176612f6c616e672f537472696e673b4c000576616c756571007e00037870740004706174687001757200235b4c6f72672e706f737467726573716c2e67656f6d65747269632e5047706f696e743bc568ec0b996632d2020000787000000002737200206f72672e706f737467726573716c2e67656f6d65747269632e5047706f696e740344df957cda498f02000244000178440001797871007e0002740005706f696e7470403e6c6f47b677f7404935045fe1112770	1.0	4276
1589	1593	\\xaced00057372001f6f72672e706f737467726573716c2e67656f6d65747269632e504770617468194f8298e512652b0200025a00046f70656e5b0006706f696e74737400235b4c6f72672f706f737467726573716c2f67656f6d65747269632f5047706f696e743b7872001c6f72672e706f737467726573716c2e7574696c2e50476f626a656374f903de2682bdcb3b0200024c0004747970657400124c6a6176612f6c616e672f537472696e673b4c000576616c756571007e00037870740004706174687001757200235b4c6f72672e706f737467726573716c2e67656f6d65747269632e5047706f696e743bc568ec0b996632d2020000787000000003737200206f72672e706f737467726573716c2e67656f6d65747269632e5047706f696e740344df957cda498f02000244000178440001797871007e0002740005706f696e7470403e77435ac8a37240493881fd9ba1b27371007e000871007e000a70403e898dbcec84f9404932b4395810627371007e000871007e000a70403e971c55a11c454049431976c98af9	1.0	4288
1590	1594	\\xaced00057372001f6f72672e706f737467726573716c2e67656f6d65747269632e504770617468194f8298e512652b0200025a00046f70656e5b0006706f696e74737400235b4c6f72672f706f737467726573716c2f67656f6d65747269632f5047706f696e743b7872001c6f72672e706f737467726573716c2e7574696c2e50476f626a656374f903de2682bdcb3b0200024c0004747970657400124c6a6176612f6c616e672f537472696e673b4c000576616c756571007e00037870740004706174687001757200235b4c6f72672e706f737467726573716c2e67656f6d65747269632e5047706f696e743bc568ec0b996632d2020000787000000002737200206f72672e706f737467726573716c2e67656f6d65747269632e5047706f696e740344df957cda498f02000244000178440001797871007e0002740005706f696e7470403ea054046412cf40493b9fec99f1ae7371007e000871007e000a70403e88aed99cbee840493321bc126a64	1.0	4276
1591	1595	\\xaced00057372001f6f72672e706f737467726573716c2e67656f6d65747269632e504770617468194f8298e512652b0200025a00046f70656e5b0006706f696e74737400235b4c6f72672f706f737467726573716c2f67656f6d65747269632f5047706f696e743b7872001c6f72672e706f737467726573716c2e7574696c2e50476f626a656374f903de2682bdcb3b0200024c0004747970657400124c6a6176612f6c616e672f537472696e673b4c000576616c756571007e00037870740004706174687001757200235b4c6f72672e706f737467726573716c2e67656f6d65747269632e5047706f696e743bc568ec0b996632d2020000787000000003737200206f72672e706f737467726573716c2e67656f6d65747269632e5047706f696e740344df957cda498f02000244000178440001797871007e0002740005706f696e7470403e6e497fa5d28d40493f06fef7c245707371007e000871007e000a70403e71d95dd4c76d4049385db76b3bb8	1.0	4288
1592	1596	\\xaced00057372001f6f72672e706f737467726573716c2e67656f6d65747269632e504770617468194f8298e512652b0200025a00046f70656e5b0006706f696e74737400235b4c6f72672f706f737467726573716c2f67656f6d65747269632f5047706f696e743b7872001c6f72672e706f737467726573716c2e7574696c2e50476f626a656374f903de2682bdcb3b0200024c0004747970657400124c6a6176612f6c616e672f537472696e673b4c000576616c756571007e00037870740004706174687001757200235b4c6f72672e706f737467726573716c2e67656f6d65747269632e5047706f696e743bc568ec0b996632d2020000787000000003737200206f72672e706f737467726573716c2e67656f6d65747269632e5047706f696e740344df957cda498f02000244000178440001797871007e0002740005706f696e7470403e7400b531a59440493667be553ac57371007e000871007e000a70403e8ae21101b00340492ff498c3b0c47371007e000871007e000a70403e9fb910576618404935a7b9170d61	1.0	4286
1593	1597	\\xaced00057372001f6f72672e706f737467726573716c2e67656f6d65747269632e504770617468194f8298e512652b0200025a00046f70656e5b0006706f696e74737400235b4c6f72672f706f737467726573716c2f67656f6d65747269632f5047706f696e743b7872001c6f72672e706f737467726573716c2e7574696c2e50476f626a656374f903de2682bdcb3b0200024c0004747970657400124c6a6176612f6c616e672f537472696e673b4c000576616c756571007e00037870740004706174687001757200235b4c6f72672e706f737467726573716c2e67656f6d65747269632e5047706f696e743bc568ec0b996632d2020000787000000003737200206f72672e706f737467726573716c2e67656f6d65747269632e5047706f696e740344df957cda498f02000244000178440001797871007e0002740005706f696e7470403eaaf71dd92edb40493d99d37b3cb77371007e000871007e000a70403e78689f25ca9540493739997ec1a77371007e000871007e000a70403e8941d58d65af404937d3bbd45705	1.0	4276
1594	1598	\\xaced00057372001f6f72672e706f737467726573716c2e67656f6d65747269632e504770617468194f8298e512652b0200025a00046f70656e5b0006706f696e74737400235b4c6f72672f706f737467726573716c2f67656f6d65747269632f5047706f696e743b7872001c6f72672e706f737467726573716c2e7574696c2e50476f626a656374f903de2682bdcb3b0200024c0004747970657400124c6a6176612f6c616e672f537472696e673b4c000576616c756571007e00037870740004706174687001757200235b4c6f72672e706f737467726573716c2e67656f6d65747269632e5047706f696e743bc568ec0b996632d2020000787000000005737200206f72672e706f737467726573716c2e67656f6d65747269632e5047706f696e740344df957cda498f02000244000178440001797871007e0002740005706f696e7470403e7ed8f6a6baea4049371afc04c8bd7371007e000871007e000a70403e8ae21101b00340492ff498c3b0c47371007e000871007e000a70403e606b64d2e870404939b82c2bd7f57371007e000871007e000a70403e99cced83fc794049376c1adb4d997371007e000871007e000a70403e9c58dc3a281a404939cebfec13ba	1.0	4288
1595	1599	\\xaced00057372001f6f72672e706f737467726573716c2e67656f6d65747269632e504770617468194f8298e512652b0200025a00046f70656e5b0006706f696e74737400235b4c6f72672f706f737467726573716c2f67656f6d65747269632f5047706f696e743b7872001c6f72672e706f737467726573716c2e7574696c2e50476f626a656374f903de2682bdcb3b0200024c0004747970657400124c6a6176612f6c616e672f537472696e673b4c000576616c756571007e00037870740004706174687001757200235b4c6f72672e706f737467726573716c2e67656f6d65747269632e5047706f696e743bc568ec0b996632d2020000787000000002737200206f72672e706f737467726573716c2e67656f6d65747269632e5047706f696e740344df957cda498f02000244000178440001797871007e0002740005706f696e7470403e7b65dbfceb79404933275ee99a637371007e000871007e000a70403e7e7c17a8933240493a6961c36975	1.0	4286
1596	1600	\\xaced00057372001f6f72672e706f737467726573716c2e67656f6d65747269632e504770617468194f8298e512652b0200025a00046f70656e5b0006706f696e74737400235b4c6f72672f706f737467726573716c2f67656f6d65747269632f5047706f696e743b7872001c6f72672e706f737467726573716c2e7574696c2e50476f626a656374f903de2682bdcb3b0200024c0004747970657400124c6a6176612f6c616e672f537472696e673b4c000576616c756571007e00037870740004706174687001757200235b4c6f72672e706f737467726573716c2e67656f6d65747269632e5047706f696e743bc568ec0b996632d2020000787000000005737200206f72672e706f737467726573716c2e67656f6d65747269632e5047706f696e740344df957cda498f02000244000178440001797871007e0002740005706f696e7470403e86cf52b90a78404930c01e68a0d37371007e000871007e000a70403e74165907d9124049300f451761467371007e000871007e000a70403e7f0b9dc2f406404933a9fbe76c8b7371007e000871007e000a70403eade9c0229a5f404931939a7c17a97371007e000871007e000a70403e7b965cce3730404937e0bd44998d	1.0	4288
1597	1601	\\xaced00057372001f6f72672e706f737467726573716c2e67656f6d65747269632e504770617468194f8298e512652b0200025a00046f70656e5b0006706f696e74737400235b4c6f72672f706f737467726573716c2f67656f6d65747269632f5047706f696e743b7872001c6f72672e706f737467726573716c2e7574696c2e50476f626a656374f903de2682bdcb3b0200024c0004747970657400124c6a6176612f6c616e672f537472696e673b4c000576616c756571007e00037870740004706174687001757200235b4c6f72672e706f737467726573716c2e67656f6d65747269632e5047706f696e743bc568ec0b996632d2020000787000000005737200206f72672e706f737467726573716c2e67656f6d65747269632e5047706f696e740344df957cda498f02000244000178440001797871007e0002740005706f696e7470403e6b8d0cc35ce24049393ccd0fe8ab7371007e000871007e000a70403e84af709b738e404939dedf1e08297371007e000871007e000a70403e704cdc51a50e404937325918a00a7371007e000871007e000a70403e7c03dddb120a40493c11a11233df7371007e000871007e000a70403e8b8fcd67fd3f40492faf8df7a4e8	1.0	4286
1598	1602	\\xaced00057372001f6f72672e706f737467726573716c2e67656f6d65747269632e504770617468194f8298e512652b0200025a00046f70656e5b0006706f696e74737400235b4c6f72672f706f737467726573716c2f67656f6d65747269632f5047706f696e743b7872001c6f72672e706f737467726573716c2e7574696c2e50476f626a656374f903de2682bdcb3b0200024c0004747970657400124c6a6176612f6c616e672f537472696e673b4c000576616c756571007e00037870740004706174687001757200235b4c6f72672e706f737467726573716c2e67656f6d65747269632e5047706f696e743bc568ec0b996632d2020000787000000005737200206f72672e706f737467726573716c2e67656f6d65747269632e5047706f696e740344df957cda498f02000244000178440001797871007e0002740005706f696e7470403ea6455b53e3ad40493b6c947dd0e67371007e000871007e000a70403e7f5a4c7cb05540493bdc35f65c127371007e000871007e000a70403e84ab6f84f31940493326295f74db7371007e000871007e000a70403e7cb1125c2317404933753e707e177371007e000871007e000a70403e7f0f8ab77e87404933fde3c60d97	1.0	4276
1599	1603	\\xaced00057372001f6f72672e706f737467726573716c2e67656f6d65747269632e504770617468194f8298e512652b0200025a00046f70656e5b0006706f696e74737400235b4c6f72672f706f737467726573716c2f67656f6d65747269632f5047706f696e743b7872001c6f72672e706f737467726573716c2e7574696c2e50476f626a656374f903de2682bdcb3b0200024c0004747970657400124c6a6176612f6c616e672f537472696e673b4c000576616c756571007e00037870740004706174687001757200235b4c6f72672e706f737467726573716c2e67656f6d65747269632e5047706f696e743bc568ec0b996632d2020000787000000003737200206f72672e706f737467726573716c2e67656f6d65747269632e5047706f696e740344df957cda498f02000244000178440001797871007e0002740005706f696e7470403e7b0d62bf11f940493360e0eb67c37371007e000871007e000a70403ea4f799fff0e7404934501e2584f370	1.0	4286
1600	1604	\\xaced00057372001f6f72672e706f737467726573716c2e67656f6d65747269632e504770617468194f8298e512652b0200025a00046f70656e5b0006706f696e74737400235b4c6f72672f706f737467726573716c2f67656f6d65747269632f5047706f696e743b7872001c6f72672e706f737467726573716c2e7574696c2e50476f626a656374f903de2682bdcb3b0200024c0004747970657400124c6a6176612f6c616e672f537472696e673b4c000576616c756571007e00037870740004706174687001757200235b4c6f72672e706f737467726573716c2e67656f6d65747269632e5047706f696e743bc568ec0b996632d2020000787000000005737200206f72672e706f737467726573716c2e67656f6d65747269632e5047706f696e740344df957cda498f02000244000178440001797871007e0002740005706f696e7470403e99d95f82469440493d5c5b4aa9717371007e000871007e000a70403e7eae7f03ec1b404934975afaf859707371007e000871007e000a70403e810653d717a9404933d9a95421c07371007e000871007e000a70403ea3a0d77b7c7840493786fcdee34e	1.0	4286
1601	1605	\\xaced00057372001f6f72672e706f737467726573716c2e67656f6d65747269632e504770617468194f8298e512652b0200025a00046f70656e5b0006706f696e74737400235b4c6f72672f706f737467726573716c2f67656f6d65747269632f5047706f696e743b7872001c6f72672e706f737467726573716c2e7574696c2e50476f626a656374f903de2682bdcb3b0200024c0004747970657400124c6a6176612f6c616e672f537472696e673b4c000576616c756571007e00037870740004706174687001757200235b4c6f72672e706f737467726573716c2e67656f6d65747269632e5047706f696e743bc568ec0b996632d2020000787000000002737200206f72672e706f737467726573716c2e67656f6d65747269632e5047706f696e740344df957cda498f02000244000178440001797871007e0002740005706f696e7470403e602ff73e905c404936a99b6f5caf7371007e000871007e000a70403e83b9bd258fdd40493f789a459102	1.0	4286
1614	1618	\\xaced00057372001f6f72672e706f737467726573716c2e67656f6d65747269632e504770617468194f8298e512652b0200025a00046f70656e5b0006706f696e74737400235b4c6f72672f706f737467726573716c2f67656f6d65747269632f5047706f696e743b7872001c6f72672e706f737467726573716c2e7574696c2e50476f626a656374f903de2682bdcb3b0200024c0004747970657400124c6a6176612f6c616e672f537472696e673b4c000576616c756571007e00037870740004706174687001757200235b4c6f72672e706f737467726573716c2e67656f6d65747269632e5047706f696e743bc568ec0b996632d2020000787000000004737200206f72672e706f737467726573716c2e67656f6d65747269632e5047706f696e740344df957cda498f02000244000178440001797871007e0002740005706f696e7470403e8b77ef24e6694049358300d0e058707371007e000871007e000a70403e703612e1841440493692ddbdb5d970	1.0	4288
1602	1606	\\xaced00057372001f6f72672e706f737467726573716c2e67656f6d65747269632e504770617468194f8298e512652b0200025a00046f70656e5b0006706f696e74737400235b4c6f72672f706f737467726573716c2f67656f6d65747269632f5047706f696e743b7872001c6f72672e706f737467726573716c2e7574696c2e50476f626a656374f903de2682bdcb3b0200024c0004747970657400124c6a6176612f6c616e672f537472696e673b4c000576616c756571007e00037870740004706174687001757200235b4c6f72672e706f737467726573716c2e67656f6d65747269632e5047706f696e743bc568ec0b996632d2020000787000000003737200206f72672e706f737467726573716c2e67656f6d65747269632e5047706f696e740344df957cda498f02000244000178440001797871007e0002740005706f696e7470403e52eaa1c9e9c1404939d654350b7b7371007e000871007e000a70403e5c27d88c1db040493cbffcdab1927371007e000871007e000a70403e745d08ef92ca4049414bdefba37a	1.0	4288
1615	1619	\\xaced00057372001f6f72672e706f737467726573716c2e67656f6d65747269632e504770617468194f8298e512652b0200025a00046f70656e5b0006706f696e74737400235b4c6f72672f706f737467726573716c2f67656f6d65747269632f5047706f696e743b7872001c6f72672e706f737467726573716c2e7574696c2e50476f626a656374f903de2682bdcb3b0200024c0004747970657400124c6a6176612f6c616e672f537472696e673b4c000576616c756571007e00037870740004706174687001757200235b4c6f72672e706f737467726573716c2e67656f6d65747269632e5047706f696e743bc568ec0b996632d2020000787000000003737200206f72672e706f737467726573716c2e67656f6d65747269632e5047706f696e740344df957cda498f02000244000178440001797871007e0002740005706f696e7470403e83d6c721922140493ba786c226817371007e000871007e000a70403ea63ef43195a44049386edaa92e627371007e000871007e000a70403e753ec9696afe40493fab34cc9067	1.0	4303
1616	1620	\\xaced00057372001f6f72672e706f737467726573716c2e67656f6d65747269632e504770617468194f8298e512652b0200025a00046f70656e5b0006706f696e74737400235b4c6f72672f706f737467726573716c2f67656f6d65747269632f5047706f696e743b7872001c6f72672e706f737467726573716c2e7574696c2e50476f626a656374f903de2682bdcb3b0200024c0004747970657400124c6a6176612f6c616e672f537472696e673b4c000576616c756571007e00037870740004706174687001757200235b4c6f72672e706f737467726573716c2e67656f6d65747269632e5047706f696e743bc568ec0b996632d2020000787000000002737200206f72672e706f737467726573716c2e67656f6d65747269632e5047706f696e740344df957cda498f02000244000178440001797871007e0002740005706f696e7470403e9199db07f8f34049341da60334687371007e000871007e000a70403e7d88c1db0143404934f7c243dccf	1.0	4311
1617	1621	\\xaced00057372001f6f72672e706f737467726573716c2e67656f6d65747269632e504770617468194f8298e512652b0200025a00046f70656e5b0006706f696e74737400235b4c6f72672f706f737467726573716c2f67656f6d65747269632f5047706f696e743b7872001c6f72672e706f737467726573716c2e7574696c2e50476f626a656374f903de2682bdcb3b0200024c0004747970657400124c6a6176612f6c616e672f537472696e673b4c000576616c756571007e00037870740004706174687001757200235b4c6f72672e706f737467726573716c2e67656f6d65747269632e5047706f696e743bc568ec0b996632d2020000787000000005737200206f72672e706f737467726573716c2e67656f6d65747269632e5047706f696e740344df957cda498f02000244000178440001797871007e0002740005706f696e7470403e80b059cf7f2f404933559b3d07c87371007e000871007e000a70403e848cb4aec8d640492cea39c51dac7371007e000871007e000a70403e8e5f75b15d05404936e45c358afe7371007e000871007e000a70403e6f9a7c17a89340493f03211cb03a7371007e000871007e000a70403e7f7d01b35e6740493ab547750997	1.0	4286
1618	1622	\\xaced00057372001f6f72672e706f737467726573716c2e67656f6d65747269632e504770617468194f8298e512652b0200025a00046f70656e5b0006706f696e74737400235b4c6f72672f706f737467726573716c2f67656f6d65747269632f5047706f696e743b7872001c6f72672e706f737467726573716c2e7574696c2e50476f626a656374f903de2682bdcb3b0200024c0004747970657400124c6a6176612f6c616e672f537472696e673b4c000576616c756571007e00037870740004706174687001757200235b4c6f72672e706f737467726573716c2e67656f6d65747269632e5047706f696e743bc568ec0b996632d2020000787000000002737200206f72672e706f737467726573716c2e67656f6d65747269632e5047706f696e740344df957cda498f02000244000178440001797871007e0002740005706f696e7470403eb61ad4979c69404930e8fb00bcbe7371007e000871007e000a70403ea3d43a7f57cf40493767fd3f5b60	1.0	4286
1619	1623	\\xaced00057372001f6f72672e706f737467726573716c2e67656f6d65747269632e504770617468194f8298e512652b0200025a00046f70656e5b0006706f696e74737400235b4c6f72672f706f737467726573716c2f67656f6d65747269632f5047706f696e743b7872001c6f72672e706f737467726573716c2e7574696c2e50476f626a656374f903de2682bdcb3b0200024c0004747970657400124c6a6176612f6c616e672f537472696e673b4c000576616c756571007e00037870740004706174687001757200235b4c6f72672e706f737467726573716c2e67656f6d65747269632e5047706f696e743bc568ec0b996632d2020000787000000002737200206f72672e706f737467726573716c2e67656f6d65747269632e5047706f696e740344df957cda498f02000244000178440001797871007e0002740005706f696e7470403eac8ee35d320a40493a3a49a7e9be70	1.0	4288
1620	1624	\\xaced00057372001f6f72672e706f737467726573716c2e67656f6d65747269632e504770617468194f8298e512652b0200025a00046f70656e5b0006706f696e74737400235b4c6f72672f706f737467726573716c2f67656f6d65747269632f5047706f696e743b7872001c6f72672e706f737467726573716c2e7574696c2e50476f626a656374f903de2682bdcb3b0200024c0004747970657400124c6a6176612f6c616e672f537472696e673b4c000576616c756571007e00037870740004706174687001757200235b4c6f72672e706f737467726573716c2e67656f6d65747269632e5047706f696e743bc568ec0b996632d20200007870000000027070	1.0	4303
1621	1625	\\xaced00057372001f6f72672e706f737467726573716c2e67656f6d65747269632e504770617468194f8298e512652b0200025a00046f70656e5b0006706f696e74737400235b4c6f72672f706f737467726573716c2f67656f6d65747269632f5047706f696e743b7872001c6f72672e706f737467726573716c2e7574696c2e50476f626a656374f903de2682bdcb3b0200024c0004747970657400124c6a6176612f6c616e672f537472696e673b4c000576616c756571007e00037870740004706174687001757200235b4c6f72672e706f737467726573716c2e67656f6d65747269632e5047706f696e743bc568ec0b996632d2020000787000000002737200206f72672e706f737467726573716c2e67656f6d65747269632e5047706f696e740344df957cda498f02000244000178440001797871007e0002740005706f696e7470403e9952ad4bfe0540493939192641b37371007e000871007e000a70403e87f6aff525b140493347f993d534	1.0	4325
1622	1626	\\xaced00057372001f6f72672e706f737467726573716c2e67656f6d65747269632e504770617468194f8298e512652b0200025a00046f70656e5b0006706f696e74737400235b4c6f72672f706f737467726573716c2f67656f6d65747269632f5047706f696e743b7872001c6f72672e706f737467726573716c2e7574696c2e50476f626a656374f903de2682bdcb3b0200024c0004747970657400124c6a6176612f6c616e672f537472696e673b4c000576616c756571007e00037870740004706174687001757200235b4c6f72672e706f737467726573716c2e67656f6d65747269632e5047706f696e743bc568ec0b996632d2020000787000000003737200206f72672e706f737467726573716c2e67656f6d65747269632e5047706f696e740344df957cda498f02000244000178440001797871007e0002740005706f696e7470403e859e3864cb5c404939faf5d503d37371007e000871007e000a70403e8842fbfe12c0404933929ed3953e7371007e000871007e000a70403e8eeb5db18bff404936c3fc43b2dd	1.0	4276
1623	1627	\\xaced00057372001f6f72672e706f737467726573716c2e67656f6d65747269632e504770617468194f8298e512652b0200025a00046f70656e5b0006706f696e74737400235b4c6f72672f706f737467726573716c2f67656f6d65747269632f5047706f696e743b7872001c6f72672e706f737467726573716c2e7574696c2e50476f626a656374f903de2682bdcb3b0200024c0004747970657400124c6a6176612f6c616e672f537472696e673b4c000576616c756571007e00037870740004706174687001757200235b4c6f72672e706f737467726573716c2e67656f6d65747269632e5047706f696e743bc568ec0b996632d2020000787000000002737200206f72672e706f737467726573716c2e67656f6d65747269632e5047706f696e740344df957cda498f02000244000178440001797871007e0002740005706f696e7470403e9e9db80c4b6840493a1f18c9fb617371007e000871007e000a70403e83d41a9ee7b74049360499c2b445	1.0	4303
1624	1628	\\xaced00057372001f6f72672e706f737467726573716c2e67656f6d65747269632e504770617468194f8298e512652b0200025a00046f70656e5b0006706f696e74737400235b4c6f72672f706f737467726573716c2f67656f6d65747269632f5047706f696e743b7872001c6f72672e706f737467726573716c2e7574696c2e50476f626a656374f903de2682bdcb3b0200024c0004747970657400124c6a6176612f6c616e672f537472696e673b4c000576616c756571007e00037870740004706174687001757200235b4c6f72672e706f737467726573716c2e67656f6d65747269632e5047706f696e743bc568ec0b996632d2020000787000000003737200206f72672e706f737467726573716c2e67656f6d65747269632e5047706f696e740344df957cda498f02000244000178440001797871007e0002740005706f696e7470403e7b993d5347a640493334bd76ee747371007e000871007e000a70403ea054046412cf40493b9fec99f1ae7371007e000871007e000a70403e7468b4f53fb34049407fe9c52b18	1.0	4288
1625	1629	\\xaced00057372001f6f72672e706f737467726573716c2e67656f6d65747269632e504770617468194f8298e512652b0200025a00046f70656e5b0006706f696e74737400235b4c6f72672f706f737467726573716c2f67656f6d65747269632f5047706f696e743b7872001c6f72672e706f737467726573716c2e7574696c2e50476f626a656374f903de2682bdcb3b0200024c0004747970657400124c6a6176612f6c616e672f537472696e673b4c000576616c756571007e00037870740004706174687001757200235b4c6f72672e706f737467726573716c2e67656f6d65747269632e5047706f696e743bc568ec0b996632d2020000787000000002737200206f72672e706f737467726573716c2e67656f6d65747269632e5047706f696e740344df957cda498f02000244000178440001797871007e0002740005706f696e7470403e852fd4d9e18840493833bd9cae217371007e000871007e000a70403e817ae3cbecd340493a3a556663e2	1.0	4286
1626	1630	\\xaced00057372001f6f72672e706f737467726573716c2e67656f6d65747269632e504770617468194f8298e512652b0200025a00046f70656e5b0006706f696e74737400235b4c6f72672f706f737467726573716c2f67656f6d65747269632f5047706f696e743b7872001c6f72672e706f737467726573716c2e7574696c2e50476f626a656374f903de2682bdcb3b0200024c0004747970657400124c6a6176612f6c616e672f537472696e673b4c000576616c756571007e00037870740004706174687001757200235b4c6f72672e706f737467726573716c2e67656f6d65747269632e5047706f696e743bc568ec0b996632d2020000787000000005737200206f72672e706f737467726573716c2e67656f6d65747269632e5047706f696e740344df957cda498f02000244000178440001797871007e0002740005706f696e7470403e7b3b9a0a01e240493c48c139f1937371007e000871007e000a70403e859e3864cb5c404939faf5d503d37371007e000871007e000a70403e8383382e44b740493c0d3cff64d0707371007e000871007e000a70403e87a437824d4d4049389b8d8fa01c	1.0	4276
1627	1631	\\xaced00057372001f6f72672e706f737467726573716c2e67656f6d65747269632e504770617468194f8298e512652b0200025a00046f70656e5b0006706f696e74737400235b4c6f72672f706f737467726573716c2f67656f6d65747269632f5047706f696e743b7872001c6f72672e706f737467726573716c2e7574696c2e50476f626a656374f903de2682bdcb3b0200024c0004747970657400124c6a6176612f6c616e672f537472696e673b4c000576616c756571007e00037870740004706174687001757200235b4c6f72672e706f737467726573716c2e67656f6d65747269632e5047706f696e743bc568ec0b996632d2020000787000000002737200206f72672e706f737467726573716c2e67656f6d65747269632e5047706f696e740344df957cda498f02000244000178440001797871007e0002740005706f696e7470403e860f5fef53e0404939b3fa6defc87371007e000871007e000a70403e9a71de69ad43404934c8cd63cb81	1.0	4325
1628	1632	\\xaced00057372001f6f72672e706f737467726573716c2e67656f6d65747269632e504770617468194f8298e512652b0200025a00046f70656e5b0006706f696e74737400235b4c6f72672f706f737467726573716c2f67656f6d65747269632f5047706f696e743b7872001c6f72672e706f737467726573716c2e7574696c2e50476f626a656374f903de2682bdcb3b0200024c0004747970657400124c6a6176612f6c616e672f537472696e673b4c000576616c756571007e00037870740004706174687001757200235b4c6f72672e706f737467726573716c2e67656f6d65747269632e5047706f696e743bc568ec0b996632d2020000787000000005737200206f72672e706f737467726573716c2e67656f6d65747269632e5047706f696e740344df957cda498f02000244000178440001797871007e0002740005706f696e7470403e8de301c277df404934545846e8f37371007e000871007e000a70403e7d973d9ec70040494211daf3d6fb7371007e000871007e000a70403e6d3429d3382140493aea78af3e477371007e000871007e000a70403e516e9bbf0dc740493ef9c1f85d747371007e000871007e000a70403e7f53fb29d76a404933459d99029b	1.0	4276
1629	1633	\\xaced00057372001f6f72672e706f737467726573716c2e67656f6d65747269632e504770617468194f8298e512652b0200025a00046f70656e5b0006706f696e74737400235b4c6f72672f706f737467726573716c2f67656f6d65747269632f5047706f696e743b7872001c6f72672e706f737467726573716c2e7574696c2e50476f626a656374f903de2682bdcb3b0200024c0004747970657400124c6a6176612f6c616e672f537472696e673b4c000576616c756571007e00037870740004706174687001757200235b4c6f72672e706f737467726573716c2e67656f6d65747269632e5047706f696e743bc568ec0b996632d2020000787000000004737200206f72672e706f737467726573716c2e67656f6d65747269632e5047706f696e740344df957cda498f02000244000178440001797871007e0002740005706f696e7470403e59e41d4b6a6240493d6da0168b5b7371007e000871007e000a70403e8655955dcab4404935723aafff377371007e000871007e000a70403e7735f58552bb4049363f9a49c2c27371007e000871007e000a70403e6fb39416a2da40493cb2fa93af73	1.0	4303
1630	1634	\\xaced00057372001f6f72672e706f737467726573716c2e67656f6d65747269632e504770617468194f8298e512652b0200025a00046f70656e5b0006706f696e74737400235b4c6f72672f706f737467726573716c2f67656f6d65747269632f5047706f696e743b7872001c6f72672e706f737467726573716c2e7574696c2e50476f626a656374f903de2682bdcb3b0200024c0004747970657400124c6a6176612f6c616e672f537472696e673b4c000576616c756571007e00037870740004706174687001757200235b4c6f72672e706f737467726573716c2e67656f6d65747269632e5047706f696e743bc568ec0b996632d20200007870000000027070	1.0	4286
1631	1635	\\xaced00057372001f6f72672e706f737467726573716c2e67656f6d65747269632e504770617468194f8298e512652b0200025a00046f70656e5b0006706f696e74737400235b4c6f72672f706f737467726573716c2f67656f6d65747269632f5047706f696e743b7872001c6f72672e706f737467726573716c2e7574696c2e50476f626a656374f903de2682bdcb3b0200024c0004747970657400124c6a6176612f6c616e672f537472696e673b4c000576616c756571007e00037870740004706174687001757200235b4c6f72672e706f737467726573716c2e67656f6d65747269632e5047706f696e743bc568ec0b996632d2020000787000000002737200206f72672e706f737467726573716c2e67656f6d65747269632e5047706f696e740344df957cda498f02000244000178440001797871007e0002740005706f696e7470403e8a78a024ce134049371d9b1b79d970	1.0	4286
1632	1636	\\xaced00057372001f6f72672e706f737467726573716c2e67656f6d65747269632e504770617468194f8298e512652b0200025a00046f70656e5b0006706f696e74737400235b4c6f72672f706f737467726573716c2f67656f6d65747269632f5047706f696e743b7872001c6f72672e706f737467726573716c2e7574696c2e50476f626a656374f903de2682bdcb3b0200024c0004747970657400124c6a6176612f6c616e672f537472696e673b4c000576616c756571007e00037870740004706174687001757200235b4c6f72672e706f737467726573716c2e67656f6d65747269632e5047706f696e743bc568ec0b996632d20200007870000000057070737200206f72672e706f737467726573716c2e67656f6d65747269632e5047706f696e740344df957cda498f02000244000178440001797871007e0002740005706f696e7470403e7c18d6909aed404937909f1f14987371007e000871007e000a70403e81987c6327ee40493ac49ba5e3547371007e000871007e000a70403e98133566ea1a4049392f7f498c3b	1.0	4303
\.


--
-- Name: taxi_order_item_taxi_item_id_seq; Type: SEQUENCE SET; Schema: public; Owner: byte
--

SELECT pg_catalog.setval('taxi_order_item_taxi_item_id_seq', 1632, true);


--
-- Name: taxi_order_tracking_number_seq; Type: SEQUENCE SET; Schema: public; Owner: byte
--

SELECT pg_catalog.setval('taxi_order_tracking_number_seq', 1636, true);


--
-- Data for Name: taxi_price; Type: TABLE DATA; Schema: public; Owner: byte
--

COPY taxi_price (price_per_km, price_per_min, car_category, weekend, night_tariff) FROM stdin;
20.00	0.50	BUSINESS_CLASS	f	f
28.00	0.70	BUSINESS_CLASS	t	f
26.00	0.65	BUSINESS_CLASS	f	t
31.60	0.79	BUSINESS_CLASS	t	t
5.00	0.25	ECONOMY_CLASS	f	f
7.00	0.35	ECONOMY_CLASS	t	f
6.50	0.33	ECONOMY_CLASS	f	t
7.90	0.40	ECONOMY_CLASS	t	t
30.00	0.75	VAN	f	f
42.00	1.05	VAN	t	f
39.00	0.98	VAN	f	t
47.40	1.19	VAN	t	t
10.00	0.35	USER_CAR	f	f
14.00	0.49	USER_CAR	t	f
13.00	0.45	USER_CAR	f	t
15.80	0.55	USER_CAR	t	t
\.


--
-- Name: address_pkey; Type: CONSTRAINT; Schema: public; Owner: byte; Tablespace: 
--

ALTER TABLE ONLY address
    ADD CONSTRAINT address_pkey PRIMARY KEY (name, user_id);


--
-- Name: car_pkey; Type: CONSTRAINT; Schema: public; Owner: byte; Tablespace: 
--

ALTER TABLE ONLY car
    ADD CONSTRAINT car_pkey PRIMARY KEY (car_number);


--
-- Name: config_name_key; Type: CONSTRAINT; Schema: public; Owner: byte; Tablespace: 
--

ALTER TABLE ONLY config
    ADD CONSTRAINT config_name_key UNIQUE (name);


--
-- Name: service_user_car_number_key; Type: CONSTRAINT; Schema: public; Owner: byte; Tablespace: 
--

ALTER TABLE ONLY service_user
    ADD CONSTRAINT service_user_car_number_key UNIQUE (car_number);


--
-- Name: service_user_email_key; Type: CONSTRAINT; Schema: public; Owner: byte; Tablespace: 
--

ALTER TABLE ONLY service_user
    ADD CONSTRAINT service_user_email_key UNIQUE (email);


--
-- Name: service_user_pkey; Type: CONSTRAINT; Schema: public; Owner: byte; Tablespace: 
--

ALTER TABLE ONLY service_user
    ADD CONSTRAINT service_user_pkey PRIMARY KEY (user_id);


--
-- Name: taxi_order_item_pkey; Type: CONSTRAINT; Schema: public; Owner: byte; Tablespace: 
--

ALTER TABLE ONLY taxi_order_item
    ADD CONSTRAINT taxi_order_item_pkey PRIMARY KEY (taxi_item_id);


--
-- Name: taxi_order_pkey; Type: CONSTRAINT; Schema: public; Owner: byte; Tablespace: 
--

ALTER TABLE ONLY taxi_order
    ADD CONSTRAINT taxi_order_pkey PRIMARY KEY (tracking_number);


--
-- Name: taxi_price_pkey; Type: CONSTRAINT; Schema: public; Owner: byte; Tablespace: 
--

ALTER TABLE ONLY taxi_price
    ADD CONSTRAINT taxi_price_pkey PRIMARY KEY (car_category, weekend, night_tariff);


--
-- Name: address_user_id_fkey; Type: FK CONSTRAINT; Schema: public; Owner: byte
--

ALTER TABLE ONLY address
    ADD CONSTRAINT address_user_id_fkey FOREIGN KEY (user_id) REFERENCES service_user(user_id) ON DELETE CASCADE;


--
-- Name: service_user_car_number_fkey; Type: FK CONSTRAINT; Schema: public; Owner: byte
--

ALTER TABLE ONLY service_user
    ADD CONSTRAINT service_user_car_number_fkey FOREIGN KEY (car_number) REFERENCES car(car_number) ON DELETE RESTRICT;


--
-- Name: taxi_order_item_driver_id_fkey; Type: FK CONSTRAINT; Schema: public; Owner: byte
--

ALTER TABLE ONLY taxi_order_item
    ADD CONSTRAINT taxi_order_item_driver_id_fkey FOREIGN KEY (driver_id) REFERENCES service_user(user_id) ON DELETE SET NULL;


--
-- Name: taxi_order_item_tracking_numer_fkey; Type: FK CONSTRAINT; Schema: public; Owner: byte
--

ALTER TABLE ONLY taxi_order_item
    ADD CONSTRAINT taxi_order_item_tracking_numer_fkey FOREIGN KEY (tracking_numer) REFERENCES taxi_order(tracking_number) ON DELETE CASCADE;


--
-- Name: taxi_order_user_id_fkey; Type: FK CONSTRAINT; Schema: public; Owner: byte
--

ALTER TABLE ONLY taxi_order
    ADD CONSTRAINT taxi_order_user_id_fkey FOREIGN KEY (user_id) REFERENCES service_user(user_id) ON DELETE SET NULL;


--
-- PostgreSQL database dump complete
--

